File,Locality,Site,Transect,InsularCoast,Position,Acropora cervicornis,Acropora palmata,Madracis mirabilis,Madracis sp.,Oculina diffusa,Porites porites,Porites sp.,Agaricia sp.,Dichocoenia stokesii,Meandrina meandrites,Porites astreoides,Pseudodiploria clivosa,Pseudodiploria strigosa,Other (Scleractinian plate),Agaricia agaricites (danai),Agaricia tenuifolia,Other (Scleractinian foliose),Agaricia agaricites (agaricites),Agaricia humilis,Colpophyllia natans,Diploria labyrinthiformis,Isophyllia sp.,Meandrina sp.,Montastrea cavernosa,Orbicella annularis,Orbicella faveolata,Orbicella franksi,Orbicella sp.,Porites branneri,Siderastrea radians,Siderastrea siderea,Siderastrea sp.,Solenastrea sp.,Stephanocoenia intersepta,Other (Scleractinian massive),Dendrogyra cylindrus,Mussa angulosa,Other (Scleractinian solitary/ other),Madracis decactis,Other (Scleractinian encrusting),Eusmilia fastigata,Other (Scleractinian flower cup),Briareum asbestinum,Eunicea sp.,Gorgonia sp.,Muricea sp.,Plexaura sp.,Plexaurella sp.,Pseudoplexaura sp.,Pseudopterogorgia sp.,Pterogorgia sp.,Other (Octocorals erect),Erythropodium caribaeorum,Other (octocoral encrusting),Other (Antipatharia),Millepora alcicornis,Millepora complanata,Millepora sp.,Palythoa caribbaeorum,Zoanthus sp.,Agelas sp.,Aplysina sp.,Callyspongia sp.,Cliona cliona,Cliona delitryx,Cliona sp.,Desmapsamma sp.,Diplastrella sp.,Ircinia sp.,Monanchora sp.,Mycale sp.,Niphates erecta,Niphates sp.,Ptilocaulis sp.,Spirastrella sp.,Verongula rigida,Other (Sponge massive),Other (Sponge encrusting),Aiolochroia sp.,Other (Sponge erect),Cyanobacteria,Turf,Other (Algae),Acetabularia,Caulerpa racemosa,Caulerpa sp.,Dictyota sp.,Enteromorpha sp.,Lobophora variegata,Padina sp.,Sargassum sp.,Stypoponium sp.,Ulva sp.,Ventricaria sp.,Other clorophyta (Fleshy algae),Other (Fleshy algae),Syringodium filiforme,Thalassia testudinum,Other (seagrass),Actinaria,Diadema antillarum,Bivalves,Spirobranchius sp.,Other polychaete,Tunicates,Other (Other invertebrates),Biotic (unknown),Dead calcareous algae,Dead coral,Dead octocoral,Dead sponge,Gap,Rock,Rubble,Sand,Trash,Unknown,Artifact,Hydroidolina,Palythoa sp.,Crustose coraline,Halimeda sp.,Jania sp.,Amphiroa sp.,Codium sp.,Other (Calcareous algae),Xetospongia sp.,Palythoa grandis,Palythoa grandiflora,Eucheuma,Clavelina sp.,Pseudodiploria sp.
lapared_t1.rndpts.csv,Chichiriviche,La Pared,t1,Continental,Center,0,0,0,0,0,0,0,0,0,22,1,0,2,0,0,0,0,0,0,0,0,3,1,6,0,0,0,0,0,0,4,0,0,0,0,0,0,0,0,0,0,0,0,0,0,0,0,0,0,0,0,1,0,0,0,1,0,0,0,0,0,0,0,0,0,0,0,0,0,0,0,0,0,0,0,0,0,0,0,0,1,310,0,0,0,0,4,0,0,0,0,0,0,0,0,8,0,0,0,0,0,0,6,0,0,0,0,0,0,0,0,2,0,0,2,0,0,1,0,0,0,0,0,0,0,0,0,0,0,0,0,0
lapared_t2.rndpts.csv,Chichiriviche,La Pared,t2,Continental,Center,0,0,0,0,0,0,0,1,0,7,0,0,17,0,0,0,0,0,0,0,5,0,0,8,0,0,0,0,0,0,3,0,0,0,0,0,1,0,0,0,0,0,2,1,0,0,10,0,4,0,0,0,0,0,0,9,0,1,0,0,0,0,4,0,0,0,0,0,0,0,0,0,0,0,0,0,2,0,0,0,23,247,0,0,0,0,0,0,0,0,0,0,0,0,0,1,0,0,0,0,1,0,6,0,0,0,1,0,0,0,0,1,0,4,0,0,0,0,0,0,16,0,0,0,0,0,0,0,0,0,0,0
lapared_t3.rndpts.csv,Chichiriviche,La Pared,t3,Continental,Center,0,0,0,0,0,0,0,0,0,12,2,0,13,0,0,0,0,0,3,0,0,0,0,3,0,0,0,0,0,0,2,1,0,0,2,0,0,0,0,0,0,0,0,5,0,0,15,0,0,0,0,3,0,0,0,20,0,4,0,0,0,0,2,0,0,0,0,0,1,0,0,0,0,0,0,0,0,0,0,0,28,211,0,0,0,0,4,0,0,0,0,0,0,0,0,2,0,0,0,0,0,0,0,6,0,0,5,0,0,0,0,7,0,0,0,0,0,4,0,0,20,0,0,0,0,0,0,0,0,0,0,0
lapared_t4.rndpts.csv,Chichiriviche,La Pared,t4,Continental,Center,0,0,0,0,0,0,0,0,0,0,0,0,14,0,0,0,0,2,0,0,2,0,0,0,0,0,0,0,0,0,3,0,0,0,3,0,0,0,0,0,0,0,0,0,0,0,3,0,2,0,0,5,0,0,0,17,6,1,0,0,0,1,4,0,0,0,0,0,0,0,0,0,0,0,0,0,3,3,0,0,42,232,0,0,0,0,1,0,0,0,0,0,0,0,0,2,0,0,0,0,0,0,0,0,0,0,0,0,0,0,0,3,0,0,0,0,0,2,0,0,24,0,0,0,0,0,0,0,0,0,0,0
medialegua_t1.rndpts.csv,Chichiriviche,Media Legua,t1,Continental,Center,0,0,0,0,0,0,0,0,0,10,0,0,3,0,0,0,0,0,0,0,0,0,0,1,0,0,0,0,0,0,1,0,0,0,0,0,0,0,0,0,0,0,0,0,0,0,25,1,3,0,0,0,0,0,0,8,3,0,7,0,0,0,0,0,0,0,0,0,0,0,0,0,0,0,0,0,0,0,0,0,7,286,0,0,0,0,0,0,0,0,0,0,0,0,0,1,0,0,0,0,0,0,0,0,0,0,0,0,0,0,0,1,0,0,18,0,0,0,0,0,0,0,0,0,0,0,0,0,0,0,0,0
medialegua_t2.rndpts.csv,Chichiriviche,Media Legua,t2,Continental,Center,0,0,0,0,0,0,0,0,0,0,1,0,12,0,0,0,0,0,0,0,1,0,0,2,0,0,0,0,0,0,4,0,0,0,0,0,0,0,0,0,0,0,0,3,4,0,19,0,1,0,0,0,0,0,0,8,0,0,10,0,0,0,0,0,0,0,0,0,0,0,0,0,0,0,0,0,0,1,0,0,10,277,0,0,0,0,1,0,0,0,0,0,0,0,0,0,0,0,0,0,0,0,0,0,0,0,5,0,0,1,0,0,0,0,11,0,0,0,0,0,4,0,0,0,0,0,0,0,0,0,0,0
medialegua_t3.rndpts.csv,Chichiriviche,Media Legua,t3,Continental,Center,0,0,0,0,0,0,0,1,0,0,0,0,13,0,0,0,0,0,0,1,0,0,0,0,0,1,0,0,0,0,0,0,0,0,1,0,0,0,0,0,0,0,0,0,0,0,21,8,1,0,0,3,0,0,0,1,0,0,26,0,0,0,0,0,0,0,0,0,0,0,0,0,0,0,0,0,0,1,0,0,0,249,0,0,0,0,0,0,0,0,0,0,0,0,0,27,0,0,0,0,0,0,0,0,0,0,0,0,0,0,0,0,0,0,10,0,0,2,0,0,9,0,0,0,0,0,0,0,0,0,0,0
medialegua_t4.rndpts.csv,Chichiriviche,Media Legua,t4,Continental,Center,0,0,0,0,0,0,0,0,0,0,0,1,8,0,0,0,0,0,0,0,0,0,0,0,0,0,0,0,0,0,2,0,0,0,0,0,0,0,0,0,0,0,0,2,0,0,23,0,11,2,0,0,1,0,0,0,8,2,10,0,0,0,0,0,0,0,0,0,0,0,0,0,0,0,0,0,0,1,0,0,1,287,0,0,0,0,0,0,0,0,0,0,0,0,1,0,0,0,0,0,0,0,0,0,0,0,0,0,0,0,0,0,0,0,14,0,0,0,0,0,0,0,0,0,0,1,0,0,0,0,0,0
medialeguapunta_t1.rndpts.csv,Chichiriviche,Punta de Media Legua,t1,Continental,Center,0,0,0,0,0,0,0,0,0,0,2,0,12,0,0,0,0,0,0,1,13,0,0,2,0,0,0,0,2,0,17,0,0,0,0,0,0,0,0,0,0,0,0,0,0,0,22,0,1,0,0,0,0,0,0,11,11,2,25,0,0,0,0,0,0,0,0,0,0,0,0,0,0,0,0,0,0,0,0,0,2,249,0,0,0,0,0,0,0,0,0,0,0,0,0,1,0,0,0,0,0,0,0,0,0,0,0,0,0,0,0,1,0,0,1,0,0,0,0,0,0,0,0,0,0,0,0,0,0,0,0,0
medialeguapunta_t2.rndpts.csv,Chichiriviche,Punta de Media Legua,t2,Continental,Center,0,0,0,0,0,0,0,0,0,0,0,0,3,0,0,0,0,0,0,0,0,0,0,0,0,0,0,0,0,0,1,0,0,0,0,0,0,0,0,0,0,0,0,0,0,0,13,0,1,0,0,4,0,0,0,4,0,0,0,0,0,0,0,0,0,0,0,0,0,0,0,0,0,0,0,0,0,2,0,0,1,293,0,0,0,0,0,0,0,0,0,0,0,0,0,1,0,0,0,0,0,0,0,0,0,0,2,0,0,0,0,0,0,23,27,0,0,0,0,0,0,0,0,0,0,0,0,0,0,0,0,0
medialeguapunta_t3.rndpts.csv,Chichiriviche,Punta de Media Legua,t3,Continental,Center,0,0,0,0,0,0,0,0,0,0,0,0,0,0,0,0,0,0,0,0,0,0,0,3,0,0,0,0,0,0,1,0,0,0,1,0,0,0,0,1,0,0,0,8,0,0,21,8,10,24,0,6,0,0,0,12,5,0,5,0,0,0,3,0,0,0,0,0,0,0,0,0,0,0,0,0,0,2,0,0,24,177,0,0,0,0,0,0,0,0,0,0,0,0,0,3,0,0,0,0,0,0,0,0,0,0,0,0,0,0,0,0,0,2,52,0,0,0,0,0,7,0,0,0,0,0,0,0,0,0,0,0
medialeguapunta_t4.rndpts.csv,Chichiriviche,Punta de Media Legua,t4,Continental,Center,0,0,0,0,0,0,0,0,0,2,0,1,12,0,0,0,0,0,0,0,1,0,0,7,0,0,0,0,0,0,7,0,0,0,0,0,0,0,0,0,0,0,0,5,0,0,20,0,3,5,0,5,0,0,0,5,5,5,3,0,0,0,0,0,0,0,0,0,0,0,0,0,0,0,0,0,3,1,0,0,2,277,0,0,0,0,0,0,0,0,0,0,0,0,0,0,0,0,0,0,0,0,0,0,0,0,0,0,0,0,0,0,0,0,0,0,0,0,0,3,3,0,0,0,0,0,0,0,0,0,0,0
petaquire_t1.rndpts.csv,Chichiriviche,Petaquire,t1,Continental,Center,0,0,0,0,0,0,0,0,0,0,0,0,10,0,0,0,0,0,0,0,1,0,0,1,0,0,0,0,0,0,1,2,0,0,1,0,0,0,0,0,0,0,0,13,0,0,6,0,3,0,0,5,0,0,0,48,0,0,28,0,0,0,2,0,0,0,0,0,1,0,0,0,0,0,0,0,0,6,0,0,16,206,0,0,0,0,7,0,0,0,0,0,0,0,0,12,0,0,0,0,0,0,0,0,0,0,2,0,0,0,0,0,0,1,0,0,0,2,0,0,1,0,0,0,0,0,0,0,0,0,0,0
petaquire_t2.rndpts.csv,Chichiriviche,Petaquire,t2,Continental,Center,0,0,0,0,0,0,0,0,0,0,0,0,9,0,0,0,0,0,0,0,0,0,0,0,0,0,0,0,0,0,1,0,0,0,0,0,0,0,0,0,0,0,0,0,0,0,1,0,3,0,0,1,0,0,0,22,0,0,20,0,0,0,0,0,0,0,0,0,0,0,0,0,0,0,0,0,0,2,0,0,0,245,0,0,0,0,0,0,0,0,0,0,0,0,0,0,0,0,0,0,0,0,0,0,0,0,0,0,0,0,0,0,0,62,2,0,0,0,7,0,0,0,0,0,0,0,0,0,0,0,0,0
petaquire_t3.rndpts.csv,Chichiriviche,Petaquire,t3,Continental,Center,0,0,0,0,0,0,0,1,0,0,0,0,34,0,0,0,0,0,0,1,0,0,0,0,0,1,0,0,0,1,3,0,0,0,0,0,0,0,0,0,0,0,0,0,0,0,4,2,4,0,0,0,0,0,0,6,0,33,17,0,0,0,0,0,0,0,0,0,0,0,0,0,0,0,0,0,3,0,0,0,33,229,0,0,0,0,0,0,0,0,0,0,0,0,0,0,0,0,0,0,0,0,0,0,0,0,0,0,0,0,0,0,0,0,0,0,0,0,0,0,3,0,0,0,0,0,0,0,0,0,0,0
playatiburon_t1.rndpts.csv,Chichiriviche,Playa Tibur?n,t1,Continental,Center,0,0,0,0,0,0,0,1,0,9,0,0,6,0,0,0,0,0,0,0,6,0,0,6,0,0,0,0,0,0,2,0,0,0,0,0,0,0,0,0,0,0,0,0,0,0,0,0,2,0,0,1,0,0,0,9,0,0,0,0,0,0,0,0,0,0,0,0,0,0,0,0,0,0,0,0,2,1,0,0,0,277,0,0,0,0,0,0,0,0,0,0,0,0,0,0,0,0,0,0,0,0,0,0,0,0,0,0,0,0,0,0,0,0,0,0,0,3,0,0,0,0,0,0,0,0,0,0,0,0,0,0
playatiburon_t2.rndpts.csv,Chichiriviche,Playa Tibur?n,t2,Continental,Center,0,0,0,0,0,0,0,0,0,0,4,0,13,0,0,0,0,0,2,0,2,0,0,1,0,0,0,0,0,0,15,0,0,0,0,0,0,0,0,0,0,0,1,0,0,0,0,0,0,0,0,3,0,0,0,17,1,7,0,0,0,0,2,0,0,0,0,0,0,0,0,0,0,0,0,0,1,2,0,0,6,278,0,0,0,0,0,0,0,0,0,0,0,0,0,0,0,0,0,0,0,0,5,0,0,0,1,0,0,0,0,0,0,3,7,0,0,0,0,0,4,0,0,0,0,0,0,0,0,0,0,0
playatiburon_t3.rndpts.csv,Chichiriviche,Playa Tibur?n,t3,Continental,Center,0,0,0,0,0,0,0,1,0,1,0,0,22,0,0,0,0,0,1,0,5,0,0,0,0,0,0,0,0,0,2,0,0,0,0,0,0,0,0,0,0,0,0,0,0,0,11,0,0,0,0,0,0,0,0,1,3,32,1,0,0,0,0,0,0,0,0,0,0,0,0,0,0,0,0,0,0,0,0,0,2,271,0,0,0,0,0,0,0,0,0,0,0,0,0,0,0,0,0,0,0,0,1,0,0,0,0,0,0,1,0,0,0,2,14,0,0,0,0,0,4,0,0,0,0,0,0,0,0,0,0,0
playatiburon_t4.rndpts.csv,Chichiriviche,Playa Tibur?n,t4,Continental,Center,0,0,0,0,0,0,0,0,0,0,0,0,5,0,0,0,0,0,0,0,1,0,0,2,0,0,0,0,0,0,4,0,0,0,1,0,0,0,0,0,0,0,0,0,0,0,1,0,3,0,0,2,0,0,0,0,4,1,0,0,0,0,0,0,0,0,0,0,0,0,0,0,0,0,0,0,1,0,0,0,0,344,0,0,0,0,0,0,0,0,0,0,0,0,0,1,0,0,0,0,0,0,0,0,0,0,1,0,0,1,0,0,0,0,2,0,0,0,0,0,1,0,0,0,0,0,0,0,0,0,0,0
puntamono_t1.rndpts.csv,Chichiriviche,Punta Mono,t1,Continental,Center,0,0,0,0,0,0,0,0,0,2,0,0,6,0,0,0,0,0,0,0,1,0,0,0,0,0,0,0,0,0,2,0,0,0,0,0,0,0,0,0,0,0,0,1,0,0,15,11,6,0,0,3,0,0,0,8,0,0,0,0,0,0,0,0,0,0,0,0,0,0,0,0,0,0,0,0,3,0,0,0,4,236,0,0,0,0,1,0,0,0,0,0,0,0,0,0,0,0,0,0,0,0,0,0,0,0,1,0,0,0,0,0,0,0,75,0,0,0,0,0,0,0,0,0,0,0,0,0,0,0,0,0
puntamono_t2.rndpts.csv,Chichiriviche,Punta Mono,t2,Continental,Center,0,0,0,0,0,0,0,0,0,5,0,0,17,0,0,0,0,0,0,0,2,0,0,0,0,0,0,0,0,0,2,0,0,0,0,0,0,0,0,0,0,2,0,0,0,0,22,0,9,0,0,1,0,0,0,49,0,0,2,0,0,0,0,0,0,0,0,0,0,0,0,0,0,0,0,0,4,0,0,0,0,241,0,0,0,0,0,0,0,0,0,0,0,0,0,1,0,0,0,0,0,0,1,0,0,0,1,0,0,0,0,0,0,0,11,0,0,0,1,0,4,0,0,0,0,0,0,0,0,0,0,0
puntamono_t3.rndpts.csv,Chichiriviche,Punta Mono,t3,Continental,Center,0,0,0,0,0,0,0,0,0,6,0,0,28,0,0,0,0,0,0,0,4,0,0,2,0,0,0,0,0,0,2,0,0,0,1,0,0,0,0,0,0,0,0,0,0,0,32,0,12,0,0,2,0,0,0,12,1,2,0,0,0,0,0,0,0,0,0,0,0,0,0,0,0,0,0,0,0,0,0,1,37,212,0,0,0,0,0,0,0,0,0,0,0,0,0,0,0,0,0,0,0,0,0,0,0,0,0,0,0,0,0,0,0,0,0,0,0,0,8,12,1,0,0,0,0,0,0,0,0,0,0,0
puntamono_t4.rndpts.csv,Chichiriviche,Punta Mono,t4,Continental,Center,0,0,0,0,0,0,0,0,0,0,1,1,37,0,0,0,0,1,0,0,1,0,0,0,0,0,0,0,0,0,7,0,0,0,0,0,0,0,0,0,0,0,0,1,0,0,13,0,8,0,0,0,0,0,0,0,7,3,10,0,0,0,0,0,0,0,0,0,0,0,0,0,0,0,0,0,0,3,0,0,1,270,0,0,0,0,0,0,0,0,0,0,0,0,0,0,0,0,0,0,0,0,0,0,0,0,1,0,0,0,0,1,0,0,1,0,0,0,0,2,4,0,0,0,0,0,0,0,0,0,0,2
charagato_t1.rndpts.csv,Cubagua,Charagato,t1,Insular,East,0,0,0,0,1,0,0,0,0,0,0,0,0,0,0,0,0,0,0,3,0,0,0,0,0,0,0,0,0,0,0,0,0,0,0,0,0,0,0,0,0,0,0,0,0,0,0,0,0,169,0,0,0,0,0,57,0,0,0,0,0,0,0,0,0,0,0,0,0,0,0,0,0,0,0,0,0,1,0,0,0,7,0,0,0,0,0,0,0,0,0,0,0,0,0,3,0,0,0,0,0,0,0,0,0,0,0,0,0,7,0,0,0,0,113,0,0,0,0,0,0,0,0,0,0,0,0,0,0,14,0,0
charagato_t2.rndpts.csv,Cubagua,Charagato,t2,Insular,East,0,0,0,0,0,0,0,0,0,0,0,0,0,0,0,0,0,0,0,0,0,0,0,0,0,0,0,0,0,0,0,0,0,0,0,0,0,0,0,0,0,0,0,0,0,0,0,0,0,225,0,0,0,0,0,23,0,0,0,0,0,0,0,0,0,0,0,0,0,0,0,0,0,0,0,0,3,0,0,0,0,8,0,0,0,0,0,0,0,0,0,0,0,0,0,0,0,0,0,0,0,0,0,0,0,0,4,0,0,0,0,0,0,9,103,0,0,0,0,0,0,0,0,0,0,0,0,0,0,0,0,0
charagato_t3.rndpts.csv,Cubagua,Charagato,t3,Insular,East,0,0,0,0,0,0,0,0,0,0,0,0,4,0,0,0,0,0,0,38,0,0,0,0,0,0,0,0,0,0,2,0,0,0,0,0,0,0,0,0,0,0,0,0,0,0,0,0,0,78,5,1,0,0,0,38,0,0,0,0,0,0,0,0,0,0,0,0,0,0,0,0,0,0,0,0,2,0,0,0,0,89,0,0,0,0,0,0,0,0,0,0,0,0,0,10,0,0,0,0,0,0,1,1,0,0,9,0,1,2,0,0,0,5,88,0,0,1,0,0,0,0,0,0,0,0,0,0,0,0,0,0
charagato_t4.rndpts.csv,Cubagua,Charagato,t4,Insular,East,0,0,0,0,0,0,0,0,0,0,0,0,0,0,0,0,0,0,0,10,0,0,0,0,0,0,0,0,0,0,0,0,0,0,0,0,0,0,0,0,0,0,0,0,0,0,0,0,0,157,0,2,0,0,0,1,0,0,0,0,0,1,0,0,0,0,0,0,0,0,0,0,0,0,0,0,2,1,0,1,1,9,0,0,0,0,0,0,0,0,0,0,0,0,0,0,0,0,0,0,0,0,0,0,0,0,2,0,0,1,0,0,0,0,186,0,0,1,0,0,0,0,0,0,0,0,0,0,0,0,0,0
conejo_t1.rndpts.csv,Cubagua,Punta Conejo,t1,Insular,East,0,0,0,0,0,0,0,0,0,0,1,0,37,0,0,0,0,0,0,0,0,0,0,0,0,0,0,0,0,0,1,0,0,0,0,0,0,0,0,0,0,0,0,0,0,0,0,0,0,0,0,0,0,0,0,0,0,0,0,4,1,0,0,0,0,0,0,0,0,0,0,0,0,0,0,0,19,18,0,0,4,115,0,0,0,0,2,0,0,0,0,0,39,0,3,88,0,0,0,0,0,0,0,0,0,0,12,0,0,0,0,1,0,0,28,0,0,1,0,0,0,0,0,0,0,1,0,0,0,0,0,0
conejo_t2.rndpts.csv,Cubagua,Punta Conejo,t2,Insular,East,0,0,0,0,1,0,0,0,0,0,0,0,0,0,0,0,0,0,0,0,0,0,0,0,0,0,0,0,0,0,0,0,0,0,0,0,0,0,0,0,0,0,0,0,0,0,0,0,0,23,0,0,0,0,0,0,0,0,0,0,0,0,0,0,0,0,0,0,0,0,0,0,0,0,0,0,10,15,0,0,0,64,0,0,0,0,2,0,0,0,1,0,98,0,1,0,0,0,0,0,0,0,0,0,1,0,1,0,0,0,0,0,0,0,156,0,0,0,0,0,0,0,0,0,0,0,0,0,2,0,0,0
conejo_t3.rndpts.csv,Cubagua,Punta Conejo,t3,Insular,East,0,0,0,0,0,0,0,0,0,0,0,0,2,0,0,0,0,0,0,0,0,0,0,0,0,0,0,0,0,0,0,0,0,0,0,0,0,0,0,0,0,0,0,0,0,0,0,0,0,0,0,0,0,0,0,0,0,0,11,0,0,0,0,0,0,0,0,0,0,0,0,0,0,0,0,0,23,9,0,0,0,162,0,0,0,0,0,0,0,0,0,0,0,0,130,2,0,0,0,2,0,0,0,0,0,0,1,0,0,0,0,0,0,0,30,0,0,2,1,0,0,0,0,0,0,0,0,0,0,0,0,0
conejo_t4.rndpts.csv,Cubagua,Punta Conejo,t4,Insular,East,0,0,0,0,0,0,0,0,0,0,0,0,24,0,0,0,0,0,0,0,0,0,0,0,0,0,0,0,0,0,0,0,0,0,1,0,0,0,0,0,0,0,0,0,0,0,0,0,0,0,0,0,0,0,0,0,0,0,0,0,4,0,0,0,0,0,0,0,1,0,0,0,0,0,0,0,9,24,0,0,2,123,0,0,0,0,4,0,0,0,0,0,73,0,42,0,0,0,0,1,0,0,0,0,0,0,8,0,0,0,0,0,0,2,54,0,0,3,0,0,0,0,0,0,0,0,0,0,0,0,0,0
muerta_t1.rndpts.csv,Cubagua,La Muerta,t1,Insular,East,0,0,0,0,0,0,0,0,0,0,7,0,27,0,0,0,0,0,0,0,0,0,0,0,0,3,0,0,0,0,0,0,0,0,0,0,0,0,0,0,0,0,0,0,0,0,0,0,0,1,0,0,0,0,0,0,0,0,3,0,0,0,0,0,0,0,0,0,0,0,0,0,0,0,0,0,3,0,0,0,0,130,0,0,0,0,0,0,0,0,0,0,10,0,0,0,0,0,0,0,0,0,0,0,0,0,0,0,0,0,0,0,0,1,190,0,0,0,0,0,0,0,0,0,0,0,0,0,0,0,0,0
muerta_t2.rndpts.csv,Cubagua,La Muerta,t2,Insular,East,0,0,0,0,0,0,0,0,0,0,0,0,12,0,0,0,0,0,0,11,0,0,0,0,0,0,0,0,0,0,0,0,0,0,0,0,0,0,0,0,0,0,0,0,0,0,0,0,0,58,0,0,0,0,0,0,0,0,10,0,0,0,0,0,0,0,0,0,0,0,0,0,0,0,0,0,0,1,2,0,4,79,0,0,0,0,0,0,0,0,0,0,69,0,32,1,0,0,0,0,0,0,0,0,0,0,2,0,0,0,0,0,0,6,63,0,0,0,0,0,0,0,0,0,0,0,0,0,0,0,0,0
muerta_t3.rndpts.csv,Cubagua,La Muerta,t3,Insular,East,0,0,0,0,0,0,0,0,0,0,0,0,7,0,0,0,0,0,0,0,0,0,0,0,0,0,0,0,0,0,0,0,0,0,0,0,0,0,0,0,0,0,0,0,0,0,0,0,0,110,0,0,0,0,0,0,0,0,1,0,0,0,0,0,0,0,0,0,0,0,0,0,0,0,0,0,0,0,0,0,0,49,0,0,0,0,0,0,0,0,0,0,60,0,0,0,0,0,0,0,0,0,0,0,0,0,0,0,0,0,0,0,0,0,147,0,0,1,0,0,0,0,0,0,0,0,0,0,0,0,0,0
muerta_t4.rndpts.csv,Cubagua,La Muerta,t4,Insular,East,0,0,0,0,0,0,0,0,0,0,0,0,0,0,0,0,0,0,0,0,0,0,0,0,0,0,0,0,0,0,0,0,0,0,0,0,0,0,0,0,0,0,0,0,0,0,0,0,0,134,0,0,0,0,0,0,0,0,0,0,0,0,0,0,0,0,0,0,0,0,0,0,0,0,0,0,0,0,0,0,0,40,0,0,0,0,0,0,0,0,0,0,65,0,7,0,0,0,0,0,0,0,0,0,0,0,0,0,0,0,0,0,0,0,129,0,0,0,0,0,0,0,0,0,0,0,0,0,0,0,0,0
cominoto_t1.rndpts.csv,Los Frailes,Cominoto,t1,Insular,East,0,0,0,0,0,0,0,0,0,0,0,0,43,0,0,0,0,0,0,0,0,0,0,0,0,0,0,0,0,0,0,0,0,0,0,0,0,0,0,0,0,0,0,0,0,0,13,1,9,0,0,2,0,0,0,5,0,0,0,0,0,0,0,0,0,0,1,0,0,0,0,0,0,0,0,0,0,0,0,0,33,99,0,0,0,1,8,0,0,0,0,0,0,0,3,4,0,0,0,0,0,0,0,0,0,0,2,0,0,0,0,0,0,0,119,0,0,0,0,0,0,0,0,0,0,0,0,0,0,0,7,0
cominoto_t2.rndpts.csv,Los Frailes,Cominoto,t2,Insular,East,0,0,0,0,0,0,0,0,0,0,4,0,9,0,0,0,0,0,0,0,0,0,0,0,0,0,0,0,0,0,0,0,0,0,0,0,0,0,0,0,0,0,0,0,0,0,96,0,13,2,0,0,0,0,0,13,7,0,3,0,0,0,0,0,0,0,0,0,0,0,0,0,0,0,0,0,2,0,0,0,8,102,0,0,0,0,1,0,0,0,0,0,0,0,0,2,0,0,0,0,0,0,0,0,2,0,9,0,0,2,0,0,0,4,94,0,0,1,0,0,0,0,0,0,0,0,1,0,0,0,0,0
cominoto_t3.rndpts.csv,Los Frailes,Cominoto,t3,Insular,East,0,0,0,0,0,0,0,0,0,0,1,0,15,0,0,0,0,0,0,0,0,0,0,0,0,0,0,0,0,0,0,0,0,0,0,0,0,0,0,0,0,0,0,3,0,0,93,0,5,29,0,4,0,0,0,48,0,0,0,0,0,0,0,0,0,0,0,0,0,0,0,0,0,0,0,0,1,8,0,0,11,113,0,0,5,0,0,0,0,0,0,0,0,0,1,0,0,0,0,0,0,0,0,0,2,0,1,0,0,0,0,1,0,0,32,0,0,1,0,0,0,0,0,0,0,0,0,0,0,0,1,0
cominoto_t4.rndpts.csv,Los Frailes,Cominoto,t4,Insular,East,0,0,0,0,0,0,0,0,0,0,0,0,19,0,0,0,0,0,0,0,0,0,0,0,0,0,0,0,0,0,0,0,0,0,0,0,0,0,0,0,0,0,0,3,0,0,24,2,23,12,0,4,0,0,0,7,0,0,0,0,0,0,0,0,0,0,0,0,0,0,0,0,0,0,0,0,0,1,0,0,5,124,0,0,0,0,9,0,0,0,0,0,0,0,3,1,0,0,0,0,0,0,0,0,5,0,5,0,0,1,0,0,0,6,120,0,0,0,1,0,0,0,0,0,0,0,0,0,0,0,0,0
pecha_t1.rndpts.csv,Los Frailes,La Pecha,t1,Insular,East,0,0,0,0,0,0,0,0,0,0,0,0,1,0,0,0,0,0,0,0,0,0,0,0,0,0,0,0,0,0,0,0,0,0,0,0,0,0,0,0,0,0,0,0,0,0,136,1,55,4,0,0,0,0,0,1,0,0,12,0,0,0,0,0,0,0,0,0,0,0,0,0,0,0,0,0,2,0,0,0,1,109,0,0,0,0,8,0,0,0,0,0,0,0,0,1,0,0,0,0,0,0,0,0,0,0,1,0,1,0,0,0,0,4,36,0,0,0,0,0,0,0,0,0,0,0,0,1,0,0,1,0
pecha_t2.rndpts.csv,Los Frailes,La Pecha,t2,Insular,East,0,0,0,0,0,0,0,0,0,0,0,0,0,0,0,0,0,0,0,0,0,0,0,0,0,0,0,0,0,0,0,0,0,0,0,0,0,0,0,0,0,0,0,11,0,0,22,2,3,21,7,10,0,0,0,3,0,0,25,0,0,0,0,0,0,0,0,0,0,0,0,0,0,0,0,0,0,0,0,0,0,48,0,0,0,0,0,0,0,0,0,0,0,0,10,7,0,0,0,0,0,0,0,0,0,0,2,0,0,0,0,0,1,16,185,0,0,2,0,0,0,0,0,0,0,0,0,0,0,0,0,0
pecha_t3.rndpts.csv,Los Frailes,La Pecha,t3,Insular,East,0,0,0,0,0,0,0,0,0,0,0,0,0,0,0,0,0,0,0,0,0,0,0,0,0,0,0,0,0,0,0,0,0,0,0,0,0,0,0,0,0,0,0,8,0,0,59,0,0,0,0,0,0,0,0,58,0,0,18,0,0,0,0,0,0,0,0,0,0,0,0,0,0,0,0,0,0,0,0,0,1,125,0,0,0,0,0,0,0,0,0,0,0,0,1,0,0,0,0,0,0,0,0,0,0,0,0,0,0,0,0,0,0,14,83,8,0,0,0,0,0,0,0,0,0,0,0,0,0,0,0,0
pecha_t4.rndpts.csv,Los Frailes,La Pecha,t4,Insular,East,0,0,0,0,0,0,0,0,0,0,0,0,0,0,0,0,0,0,0,0,0,0,0,0,0,0,0,0,0,0,0,0,0,0,0,0,0,0,0,0,0,0,0,0,0,0,32,10,10,0,0,13,0,0,0,89,0,0,0,0,0,0,0,0,0,0,0,0,0,0,0,0,0,0,0,0,0,0,0,1,2,180,0,0,0,0,0,0,0,0,0,0,0,0,0,0,0,0,0,0,0,0,0,0,0,0,0,0,0,0,0,0,0,4,34,0,0,0,0,0,0,0,0,0,0,0,0,0,0,0,0,0
real_t1.rndpts.csv,Los Frailes,Puerto Real,t1,Insular,East,0,0,0,0,0,0,0,1,0,0,2,0,57,0,0,0,0,0,0,0,0,0,0,0,0,0,0,0,0,0,0,0,0,0,0,0,0,0,0,0,0,0,0,0,0,0,0,0,0,8,0,0,0,0,0,8,0,0,36,0,0,0,0,0,0,0,0,0,0,0,0,0,0,0,0,0,4,0,0,0,7,120,0,0,13,1,8,0,0,0,0,0,0,0,3,0,0,0,0,0,0,0,0,0,0,0,0,0,0,0,0,0,0,7,71,0,0,0,0,0,0,0,0,0,0,0,0,0,0,0,29,0
real_t2.rndpts.csv,Los Frailes,Puerto Real,t2,Insular,East,0,0,0,0,0,0,0,0,0,0,2,0,15,0,0,0,0,0,0,0,0,0,0,0,0,0,0,0,0,0,0,0,0,0,1,0,0,0,0,0,0,0,0,0,0,0,17,0,0,1,0,1,0,3,0,9,0,0,6,0,0,0,0,0,0,0,0,0,0,0,0,0,0,0,0,0,2,7,0,0,23,169,0,0,0,0,0,0,0,0,0,0,0,0,0,24,0,0,0,0,0,0,0,0,0,0,19,0,1,0,0,1,0,20,46,0,0,4,0,0,0,0,0,0,0,0,0,0,0,0,4,0
real_t3.rndpts.csv,Los Frailes,Puerto Real,t3,Insular,East,0,0,0,0,0,0,0,0,0,0,2,0,8,0,0,0,0,0,0,0,0,0,0,0,0,0,0,0,0,0,0,0,0,0,1,0,0,0,0,0,0,0,0,15,0,0,18,0,0,16,0,10,0,0,0,4,0,0,44,0,0,0,0,0,0,0,0,0,0,0,0,0,0,0,0,0,0,12,0,2,36,100,0,0,0,0,0,0,0,0,0,0,0,0,0,2,0,0,0,2,0,0,0,0,0,0,9,0,0,0,0,0,0,4,67,1,0,2,0,0,0,0,0,0,0,0,0,0,0,0,20,0
real_t4.rndpts.csv,Los Frailes,Puerto Real,t4,Insular,East,0,0,0,0,0,0,2,0,0,0,2,0,3,0,0,0,0,0,0,0,0,0,0,0,0,0,0,0,0,0,0,0,0,0,0,0,0,0,0,0,0,0,0,0,0,0,19,1,0,10,0,9,0,0,0,23,0,0,4,0,2,1,0,0,0,0,0,0,0,0,0,0,0,0,0,0,0,4,0,0,17,181,0,0,1,0,0,0,0,0,0,0,0,0,0,0,0,0,0,0,0,0,0,0,0,0,3,0,0,0,0,1,0,23,49,0,0,2,0,0,0,0,0,0,0,0,0,0,0,0,18,0
agua_t1.rndpts.csv,Los Roques,Cayo Agua,t1,Insular,West,0,0,10,0,0,0,0,0,0,0,7,0,0,0,0,0,0,0,2,0,0,0,0,1,4,42,0,4,0,0,0,0,0,0,0,0,0,0,0,0,0,0,1,0,0,0,0,0,4,0,0,0,0,0,0,3,0,0,0,0,0,0,0,0,0,0,0,0,0,0,0,0,0,0,0,0,0,0,0,0,16,190,0,0,0,0,0,0,0,0,0,0,0,0,2,0,0,0,0,0,0,0,0,0,0,0,3,0,0,0,0,5,0,12,66,0,0,2,0,0,1,0,0,0,0,0,0,0,0,0,0,0
agua_t2.rndpts.csv,Los Roques,Cayo Agua,t2,Insular,West,0,0,21,0,0,0,0,0,0,0,1,0,0,0,0,0,0,0,0,2,0,0,0,0,39,20,0,0,0,0,0,0,0,0,0,0,0,0,8,0,2,0,0,0,0,0,3,0,4,1,0,0,0,0,0,3,0,0,0,0,0,0,0,0,0,0,0,0,0,0,2,0,0,0,0,0,0,1,0,1,7,147,0,0,0,0,0,0,0,0,0,0,0,0,0,1,0,0,0,0,0,0,0,0,0,0,0,0,0,0,0,16,0,55,5,0,0,0,0,0,27,0,0,0,0,9,0,0,0,0,0,0
agua_t3.rndpts.csv,Los Roques,Cayo Agua,t3,Insular,West,1,0,93,0,0,0,0,0,0,0,0,0,0,0,0,0,0,0,0,10,0,0,0,0,39,24,0,0,0,0,0,0,0,0,0,0,0,0,0,0,0,0,8,0,0,0,0,0,4,0,0,0,0,0,0,3,0,0,0,0,0,0,0,0,0,0,0,0,0,0,0,0,0,0,0,0,0,0,0,0,14,122,0,0,0,0,0,0,0,0,0,0,0,0,0,0,0,0,0,0,0,0,0,0,0,0,4,0,0,0,0,2,0,46,4,0,0,0,0,0,1,0,0,0,0,0,0,0,0,0,0,0
agua_t4.rndpts.csv,Los Roques,Cayo Agua,t4,Insular,West,1,1,46,1,0,0,0,0,0,0,0,0,0,0,0,0,0,0,0,2,0,0,0,0,24,18,0,2,0,0,0,0,0,0,0,0,0,0,8,0,0,0,1,0,0,0,6,3,0,0,0,2,0,0,0,1,0,0,6,0,0,0,0,0,0,0,0,0,0,0,0,0,0,0,0,0,0,0,0,1,0,80,0,0,0,0,0,0,0,0,0,0,0,0,0,1,0,0,0,0,0,0,0,0,0,0,0,0,0,0,0,0,0,142,29,0,0,0,0,0,0,0,0,0,0,0,0,0,0,0,0,0
cote_t1.rndpts.csv,Los Roques,Boca de Cote,t1,Insular,West,0,0,1,0,0,0,0,0,0,1,8,0,0,0,0,0,0,0,2,0,3,0,0,1,3,54,0,0,0,0,5,0,0,0,0,0,0,0,0,0,0,0,4,0,3,0,9,1,0,4,0,0,1,2,0,29,7,0,0,0,0,0,0,0,0,0,0,0,0,0,0,0,0,0,0,0,0,1,0,0,15,128,0,0,0,0,0,0,0,0,0,0,0,0,0,1,0,0,0,0,0,0,0,0,0,0,0,0,0,0,0,10,0,5,9,0,0,0,0,0,67,1,0,0,0,0,0,0,0,0,0,0
cote_t2.rndpts.csv,Los Roques,Boca de Cote,t2,Insular,West,0,0,27,0,0,0,0,0,0,0,3,0,3,0,0,0,0,0,0,1,1,0,0,4,4,28,0,2,0,0,21,0,0,0,0,0,0,0,0,0,0,0,0,0,7,0,44,0,12,9,0,0,0,0,0,19,2,0,2,0,0,0,0,0,0,0,0,0,0,0,0,0,0,0,0,0,0,0,0,0,9,145,0,0,0,0,0,0,0,0,0,0,0,0,0,0,0,0,0,0,0,0,0,0,0,0,5,0,0,1,0,1,0,1,21,0,0,0,0,0,2,1,0,0,0,0,0,0,0,0,0,0
cote_t3.rndpts.csv,Los Roques,Boca de Cote,t3,Insular,West,0,0,0,0,0,0,0,0,0,0,9,0,2,0,0,0,0,0,1,0,4,0,0,15,10,18,0,0,0,0,10,0,0,0,1,0,0,0,0,0,0,0,0,0,5,0,15,0,9,11,0,4,0,0,0,12,2,0,5,0,0,0,0,0,0,0,0,0,0,0,0,0,0,0,0,0,0,1,0,0,3,195,0,0,0,0,1,0,0,0,0,0,0,0,2,0,0,0,0,0,0,0,0,0,0,0,1,0,0,0,0,2,0,4,15,0,0,0,0,0,18,0,0,0,0,0,0,0,0,0,0,0
cote_t4.rndpts.csv,Los Roques,Boca de Cote,t4,Insular,West,0,0,0,0,0,0,0,0,0,0,5,0,0,0,0,6,0,0,1,0,5,0,0,6,0,7,0,0,0,0,17,0,0,0,0,0,0,0,0,0,0,0,1,0,11,0,37,0,19,11,0,1,0,0,0,21,0,0,1,0,0,0,0,0,0,0,0,0,0,0,0,0,0,0,0,0,0,0,0,0,4,141,0,0,0,0,0,0,0,0,0,0,0,0,0,0,0,0,0,0,0,0,0,0,0,0,3,0,0,0,0,5,0,2,37,0,0,0,0,0,34,0,0,0,0,0,0,0,0,0,0,0
dms_t1.rndpts.csv,Los Roques,Dos Mosquises Sur,t1,Insular,West,0,0,34,1,0,0,0,0,0,0,0,0,0,0,0,0,0,0,0,8,0,0,0,0,55,11,0,0,0,0,0,1,0,0,0,0,0,0,0,0,0,0,0,4,0,1,1,11,0,16,3,0,0,0,0,0,0,0,0,0,0,0,0,0,0,0,0,0,0,0,0,0,0,0,0,0,0,0,0,0,0,141,0,0,0,0,0,0,0,0,0,0,0,0,0,7,0,0,0,0,0,0,0,0,0,0,0,0,16,0,0,4,0,22,39,0,0,0,0,0,0,0,0,0,0,0,0,0,0,0,0,0
dms_t2.rndpts.csv,Los Roques,Dos Mosquises Sur,t2,Insular,West,0,0,13,0,0,0,0,0,0,0,0,0,5,0,0,1,0,0,0,12,0,0,0,0,7,31,0,0,0,0,0,0,0,0,0,0,0,0,1,0,0,0,2,0,0,0,0,0,7,8,0,0,1,0,0,3,0,0,0,0,0,0,0,0,0,0,0,0,0,0,0,0,0,0,0,0,0,1,0,0,4,166,0,0,0,0,2,0,0,0,0,0,0,0,0,1,0,0,0,0,0,0,0,0,0,0,0,0,0,0,0,5,0,48,44,0,0,0,0,0,13,0,0,0,0,0,0,0,0,0,0,0
dms_t3.rndpts.csv,Los Roques,Dos Mosquises Sur,t3,Insular,West,0,0,54,0,0,0,0,0,0,0,1,0,0,0,0,0,0,0,0,9,0,0,0,0,36,25,0,0,0,0,1,0,0,0,0,6,0,0,0,0,0,0,0,7,0,0,0,0,2,0,0,1,0,0,0,1,0,0,0,0,0,0,0,0,0,0,0,0,0,0,0,0,0,0,0,0,0,0,0,0,2,129,0,0,0,0,0,0,0,0,0,0,0,0,0,0,0,0,0,0,0,0,0,0,0,0,8,0,0,1,0,1,0,84,7,0,0,0,0,0,0,0,0,0,0,0,0,0,0,0,0,0
dms_t4.rndpts.csv,Los Roques,Dos Mosquises Sur,t4,Insular,West,0,0,0,0,0,0,1,0,0,0,0,0,0,0,0,0,0,0,0,21,0,0,0,0,0,82,0,0,0,0,3,0,0,0,2,0,0,0,0,0,0,0,7,5,0,1,0,0,1,2,0,8,0,0,0,2,0,0,0,0,0,0,0,0,0,0,0,0,0,0,0,0,0,0,0,0,0,0,0,0,6,117,0,0,0,0,0,0,0,0,0,0,0,0,0,0,0,0,0,0,0,0,0,2,0,0,16,0,3,4,0,1,1,0,84,0,0,0,0,0,1,0,0,0,0,5,0,0,0,0,0,0
madrisqui_t1.rndpts.csv,Los Roques,Madrisqui,t1,Insular,West,0,0,0,0,0,0,0,1,0,0,9,0,0,0,0,0,0,1,0,12,0,0,0,0,0,12,2,0,0,0,0,0,0,0,0,0,0,0,0,0,0,0,14,0,0,0,6,9,0,12,0,6,1,0,0,10,0,0,0,0,6,0,3,0,0,0,0,0,0,0,0,0,0,0,0,0,5,1,0,1,0,148,0,0,0,0,25,0,0,0,0,0,0,0,0,3,0,0,0,0,0,0,0,0,0,0,1,0,0,0,0,0,0,0,79,0,0,0,0,0,8,0,0,0,0,0,0,0,0,0,0,0
madrisqui_t2.rndpts.csv,Los Roques,Madrisqui,t2,Insular,West,0,0,0,0,0,0,0,0,0,0,3,0,0,0,0,0,0,1,0,0,0,0,0,7,0,6,0,0,0,0,0,0,0,0,2,0,0,1,0,0,0,0,18,9,0,0,15,0,9,22,0,4,5,0,0,14,0,1,3,0,0,0,0,0,0,0,0,0,0,0,0,0,0,0,0,0,4,7,0,0,3,131,1,0,0,0,11,0,0,0,0,0,0,0,0,23,0,0,0,0,0,0,0,0,0,0,11,0,0,0,0,0,0,0,64,0,0,0,0,0,0,0,0,0,0,0,0,0,0,0,0,0
madrisqui_t3.rndpts.csv,Los Roques,Madrisqui,t3,Insular,West,0,0,0,0,0,0,0,20,0,0,6,0,0,0,0,0,0,0,0,17,0,0,0,0,0,16,0,0,0,0,0,0,0,0,0,0,0,0,0,0,4,0,18,11,0,0,0,0,12,29,3,2,0,0,0,8,0,0,0,0,0,0,1,0,0,1,0,0,0,0,0,0,0,0,0,0,5,6,0,7,0,122,0,0,0,0,28,0,0,0,0,0,0,0,0,8,0,0,0,0,0,0,0,0,0,0,3,0,0,1,0,4,0,2,40,0,0,1,0,0,0,0,0,0,0,0,0,0,0,0,0,0
madrisqui_t4.rndpts.csv,Los Roques,Madrisqui,t4,Insular,West,0,0,0,0,0,0,0,0,0,0,0,0,0,0,3,0,1,0,0,10,0,0,0,0,0,27,0,0,0,0,0,0,0,0,0,0,0,0,0,0,2,0,13,3,0,0,8,0,15,9,0,8,2,0,0,6,0,0,0,0,0,0,1,0,0,0,0,0,0,0,0,0,0,0,0,0,10,0,0,0,0,135,0,0,0,0,41,0,0,0,0,0,0,0,1,3,0,0,0,0,0,0,0,0,0,0,4,0,0,0,0,1,0,1,70,0,0,1,0,0,0,0,0,0,0,0,0,0,0,0,0,0
rabusqui_t1.rndpts.csv,Los Roques,Pelona de Rabusqui,t1,Insular,West,0,0,0,0,0,0,0,1,0,0,0,0,0,0,0,0,0,0,0,1,0,0,0,0,7,168,0,0,0,0,0,0,0,0,0,0,0,0,0,0,0,0,23,3,0,0,3,0,1,0,0,3,10,0,0,15,0,0,0,0,0,6,1,0,0,0,0,0,0,0,1,0,0,0,0,0,1,0,0,0,4,81,0,0,0,0,0,0,0,0,0,0,0,0,0,0,0,0,0,0,0,0,0,0,0,0,1,0,0,0,0,0,0,2,5,0,0,0,0,0,13,0,0,0,0,0,0,0,0,0,0,0
rabusqui_t2.rndpts.csv,Los Roques,Pelona de Rabusqui,t2,Insular,West,0,0,0,0,0,0,0,1,0,0,0,0,1,1,0,0,0,0,0,4,0,0,0,0,9,117,0,18,0,0,0,0,0,0,0,0,0,0,0,1,0,0,17,3,0,0,3,0,0,10,0,1,1,0,0,24,0,0,0,0,0,2,0,0,0,0,0,0,0,0,0,0,0,0,0,0,1,3,0,6,9,85,0,0,0,0,1,0,1,0,0,0,0,0,0,3,0,0,0,0,0,0,0,0,0,0,3,0,0,0,0,0,0,10,22,0,0,3,0,0,15,0,0,0,0,0,0,0,0,0,0,0
rabusqui_t3.rndpts.csv,Los Roques,Pelona de Rabusqui,t3,Insular,West,0,0,0,0,0,0,0,1,0,0,0,0,0,0,0,0,0,0,2,11,0,0,0,0,37,130,0,0,0,0,0,0,0,0,0,0,0,0,0,0,0,0,8,0,0,0,0,0,0,13,0,1,10,0,0,8,0,2,0,0,1,3,0,0,0,0,0,0,0,0,0,0,0,0,0,0,0,1,0,2,1,114,0,0,0,0,0,0,0,0,0,0,0,0,0,0,0,0,0,0,0,0,0,0,0,0,19,0,0,2,0,2,0,0,5,0,0,1,0,0,1,0,0,0,0,0,0,0,0,0,0,0
rabusqui_t4.rndpts.csv,Los Roques,Pelona de Rabusqui,t4,Insular,West,0,0,0,0,0,0,0,9,0,0,0,0,0,0,0,0,0,0,0,14,0,0,0,0,0,131,0,0,0,0,2,0,0,0,0,0,0,0,0,0,0,0,0,0,0,0,3,0,0,11,0,2,4,2,0,8,0,0,0,0,0,0,1,0,0,0,0,0,0,0,0,0,0,0,0,0,1,1,0,2,6,98,0,0,0,0,0,0,0,0,0,0,0,0,0,0,0,0,0,0,0,0,0,1,0,0,7,0,0,0,0,2,0,8,11,0,0,1,0,0,0,0,0,0,0,0,0,0,0,0,0,0
salinas_t1.rndpts.csv,Los Roques,Salinas,t1,Insular,West,0,0,0,0,0,0,0,0,0,0,4,0,4,0,0,0,0,0,0,0,5,0,0,11,3,14,0,0,0,0,15,0,0,0,1,0,0,0,0,0,0,0,1,4,4,0,42,1,20,12,0,2,0,0,0,11,0,0,1,0,0,0,0,0,0,0,0,0,0,0,0,0,0,0,0,0,0,0,0,0,2,134,0,0,0,0,13,0,0,0,0,0,0,0,0,11,0,0,0,0,0,0,0,0,0,0,0,0,0,2,0,0,0,5,45,0,0,0,0,0,4,4,0,0,0,0,0,0,0,0,0,0
salinas_t2.rndpts.csv,Los Roques,Salinas,t2,Insular,West,0,0,0,0,0,0,0,0,0,0,0,0,3,0,0,0,0,0,0,0,8,0,0,6,0,2,0,0,0,0,22,0,0,0,0,0,0,0,0,0,0,0,0,1,4,0,62,0,9,10,0,0,0,0,0,7,0,0,1,0,0,0,0,0,0,0,0,0,0,0,0,0,0,0,0,0,1,0,0,0,1,152,0,0,0,0,18,0,0,0,0,0,0,0,0,12,0,0,0,0,0,0,0,0,0,0,0,0,0,0,0,0,0,13,38,0,0,2,0,0,3,0,0,0,0,0,0,0,0,0,0,0
salinas_t3.rndpts.csv,Los Roques,Salinas,t3,Insular,West,0,0,0,0,0,0,0,0,0,0,2,0,0,0,0,0,0,0,0,2,0,0,0,0,0,28,0,0,0,0,5,0,0,0,0,0,0,0,0,1,0,0,0,3,0,0,34,0,8,13,0,8,0,0,0,3,0,0,0,0,0,0,0,0,0,0,0,0,0,0,0,0,0,0,0,0,1,0,0,0,4,127,0,0,0,0,12,0,0,0,0,0,0,0,0,10,0,0,0,0,0,0,0,0,0,0,3,0,0,0,0,0,0,31,73,0,0,4,0,0,3,0,0,0,0,0,0,0,0,0,0,0
salinas_t4.rndpts.csv,Los Roques,Salinas,t4,Insular,West,0,0,0,0,0,0,0,0,0,0,0,0,9,0,0,0,0,0,2,0,4,0,1,8,0,5,0,0,0,1,2,0,0,0,0,0,0,0,0,1,0,0,1,0,0,0,24,0,17,13,0,3,0,0,0,3,0,0,0,0,0,0,0,0,0,0,0,0,0,0,0,0,0,0,0,0,0,1,0,0,2,90,0,0,0,0,1,0,0,0,0,0,0,0,0,6,0,0,0,0,0,0,0,0,0,0,0,0,0,0,0,0,0,64,117,0,0,0,0,0,0,0,0,0,0,0,0,0,0,0,0,0
venada_t1.rndpts.csv,Los Roques,La Venada,t1,Insular,West,100,0,0,0,0,0,0,0,0,0,0,0,2,0,0,0,0,0,4,0,0,0,0,0,0,0,0,0,0,0,0,0,0,0,0,0,0,0,0,0,0,0,0,0,0,0,0,0,0,0,0,0,0,0,0,4,0,0,0,0,0,0,0,0,0,0,0,0,0,0,0,0,0,0,0,0,1,0,0,0,0,45,0,0,0,0,0,0,0,0,0,0,0,0,0,0,0,0,0,0,0,0,0,0,0,0,0,0,0,0,0,0,0,206,1,0,0,0,0,0,1,11,0,0,0,0,0,0,0,0,0,0
venada_t2.rndpts.csv,Los Roques,La Venada,t2,Insular,West,106,0,0,0,0,0,0,1,0,0,0,0,0,0,0,0,0,0,0,0,0,0,0,0,0,0,0,0,0,0,0,0,0,0,0,0,0,0,0,0,0,0,0,0,0,0,0,0,0,0,0,0,0,0,0,2,0,0,0,0,0,0,0,0,0,0,0,0,0,0,0,0,0,0,0,0,0,0,0,0,0,28,0,0,0,0,0,0,0,0,0,0,0,0,0,0,0,0,0,0,0,0,0,0,0,0,1,7,0,0,0,0,0,214,5,0,0,0,0,0,0,11,0,0,0,0,0,0,0,0,0,0
venada_t3.rndpts.csv,Los Roques,La Venada,t3,Insular,West,67,0,0,0,0,0,0,0,0,0,0,0,0,0,0,0,0,1,0,0,0,0,0,0,0,0,0,0,0,0,0,0,0,0,0,0,0,0,0,0,0,0,7,0,0,0,0,0,0,0,0,0,0,0,0,4,1,0,0,0,0,0,0,0,0,0,0,0,0,0,0,0,0,0,0,0,16,8,0,3,11,80,0,0,0,0,0,0,0,0,0,0,0,0,0,1,0,0,0,0,0,0,0,0,0,0,2,1,0,0,0,0,0,131,34,3,1,0,0,0,4,0,0,0,0,0,0,0,0,0,0,0
venada_t4.rndpts.csv,Los Roques,La Venada,t4,Insular,West,102,0,0,0,0,0,0,0,0,0,0,0,0,0,0,0,0,0,0,0,0,0,0,0,0,0,0,0,0,0,0,0,0,0,0,0,0,0,0,0,0,0,0,0,0,0,0,0,0,0,0,0,0,0,0,11,0,0,0,0,0,0,0,0,0,0,0,0,0,0,0,0,0,0,0,0,0,0,0,0,0,40,0,0,0,0,0,0,0,0,0,0,0,0,0,0,0,0,0,0,0,0,0,0,0,0,0,11,0,0,0,0,0,205,4,0,0,0,0,0,0,2,0,0,0,0,0,0,0,0,0,0
agustin_t1.rndpts.csv,Mochima,San Agustin,t1,Continental,East,0,0,0,0,0,0,0,0,0,0,0,0,0,0,0,0,0,0,0,0,0,0,0,0,0,0,0,0,0,0,0,0,0,0,0,0,0,0,0,0,0,0,0,0,0,0,0,0,0,0,0,0,0,0,0,90,0,0,0,0,0,0,0,0,0,0,3,0,1,0,0,0,0,0,0,0,0,2,9,4,5,133,0,0,0,0,0,0,0,0,0,0,0,0,0,68,0,0,0,1,0,0,0,0,0,0,0,0,0,0,0,0,0,0,57,0,2,0,0,0,0,0,0,0,0,0,0,0,0,0,0,0
agustin_t2.rndpts.csv,Mochima,San Agustin,t2,Continental,East,0,0,0,0,0,0,0,0,0,0,0,0,0,0,0,0,0,0,0,0,0,0,0,0,0,0,0,0,0,0,0,0,0,0,0,0,0,0,0,0,0,0,0,0,0,0,0,0,0,0,0,0,0,0,0,10,0,0,0,0,0,0,0,0,0,0,3,0,1,0,0,0,0,0,0,0,0,0,5,0,0,165,0,0,0,0,0,0,1,0,0,0,0,0,0,129,0,0,0,1,0,0,0,0,0,0,0,0,0,0,0,0,0,0,60,0,0,0,0,0,0,0,0,0,0,0,0,0,0,0,0,0
agustin_t3.rndpts.csv,Mochima,San Agustin,t3,Continental,East,0,0,0,0,0,0,0,0,0,0,0,0,0,0,0,0,0,0,0,0,0,0,0,1,0,0,0,0,0,0,0,0,0,0,0,0,0,0,0,0,0,0,0,0,0,0,0,0,0,0,0,0,0,0,0,7,0,0,0,0,0,0,0,0,0,0,0,0,0,0,0,0,0,0,0,0,1,0,1,23,0,193,0,0,0,0,0,0,0,0,0,0,0,0,0,97,0,0,0,0,0,0,0,0,0,0,1,0,0,0,0,0,0,0,49,0,0,2,0,0,0,0,0,0,0,0,0,0,0,0,0,0
agustin_t4.rndpts.csv,Mochima,San Agustin,t4,Continental,East,0,0,0,0,0,0,0,0,0,0,0,0,0,0,0,0,0,0,0,0,0,0,0,0,0,0,0,0,0,0,0,0,0,0,0,0,0,0,0,0,0,0,0,0,0,0,0,0,0,0,0,0,0,0,0,0,0,0,0,0,0,0,0,0,0,0,0,0,1,0,0,0,0,0,0,0,2,0,3,3,0,43,0,0,0,0,0,0,0,0,0,0,0,0,0,272,0,0,0,0,0,0,0,0,0,0,0,0,0,0,0,0,0,0,44,0,1,6,0,0,0,0,0,0,0,0,0,0,0,0,0,0
blanca_t1.rndpts.csv,Mochima,Blanca,t1,Continental,East,0,0,0,0,0,0,0,0,5,3,0,0,10,0,0,0,0,0,0,41,0,0,0,4,0,0,0,0,0,0,1,0,0,0,1,0,0,0,0,0,0,0,0,0,0,0,0,0,0,0,0,0,0,0,0,67,0,0,0,0,0,0,1,0,0,0,0,0,0,0,0,0,0,0,0,0,2,1,0,0,23,126,0,0,0,0,0,0,0,0,0,0,0,0,0,17,0,0,0,1,0,0,11,2,0,0,1,0,0,0,0,0,0,0,48,0,0,1,0,0,8,0,0,1,0,0,0,0,0,0,0,0
blanca_t2.rndpts.csv,Mochima,Blanca,t2,Continental,East,0,0,0,0,0,0,0,0,5,0,2,0,22,0,0,0,0,0,0,46,0,0,6,4,0,0,0,0,0,1,3,0,0,2,0,0,0,0,0,0,0,0,0,0,0,0,0,0,0,0,0,0,0,0,0,71,0,0,0,0,0,0,0,0,0,0,0,0,0,0,0,0,0,0,0,0,0,0,0,1,14,100,0,0,0,0,0,0,0,0,0,0,0,0,0,15,0,0,0,2,0,0,6,0,0,0,2,0,0,0,0,0,0,0,35,0,0,3,0,0,35,0,0,0,0,0,0,0,0,0,0,0
blanca_t3.rndpts.csv,Mochima,Blanca,t3,Continental,East,0,0,0,0,0,0,0,0,0,0,1,0,18,0,0,0,0,0,0,40,0,0,0,8,0,0,0,0,0,0,0,0,0,0,1,0,0,0,0,0,0,0,0,0,0,0,0,0,0,0,0,0,0,0,0,95,0,0,0,0,0,0,0,0,0,0,0,0,0,0,0,0,0,0,0,0,0,0,0,3,12,88,0,0,0,0,0,0,0,0,0,0,0,0,0,15,0,0,0,1,0,0,9,0,0,0,1,0,0,0,0,0,0,0,14,0,0,6,0,0,61,0,0,2,0,0,0,0,0,0,0,0
blanca_t4.rndpts.csv,Mochima,Blanca,t4,Continental,East,0,0,0,0,0,0,0,0,2,0,1,0,26,0,0,0,0,0,0,58,0,0,0,3,0,0,0,0,0,0,0,0,0,0,0,0,0,0,0,0,0,0,0,0,0,0,0,0,0,0,0,0,0,0,0,94,0,0,0,0,0,0,0,0,0,0,0,0,0,0,0,0,0,0,0,0,1,0,0,0,5,105,0,0,0,0,0,0,0,0,0,0,0,0,0,8,0,0,0,1,0,0,3,0,0,0,1,0,0,0,0,0,0,0,28,0,0,3,0,0,36,0,0,0,0,0,0,0,0,0,0,0
carabela_t1.rndpts.csv,Mochima,Carabela,t1,Continental,East,0,0,0,0,0,0,0,0,0,0,0,0,0,0,0,0,0,0,0,0,0,0,0,0,0,0,0,0,0,0,0,0,0,0,0,0,0,0,0,0,0,0,0,0,0,0,0,0,0,0,0,0,0,0,0,31,0,0,0,0,0,0,0,0,0,0,0,0,0,0,0,0,0,0,0,0,0,0,0,0,0,160,0,0,0,0,0,0,0,0,0,0,0,0,0,9,0,0,0,0,0,0,26,7,0,0,0,0,0,0,0,0,0,2,135,0,1,0,0,0,4,0,0,0,0,0,0,0,0,0,0,0
carabela_t2.rndpts.csv,Mochima,Carabela,t2,Continental,East,0,0,0,0,0,0,0,0,0,0,0,0,0,0,0,0,0,0,0,0,0,0,0,1,0,0,0,0,0,0,0,0,0,0,0,0,0,0,0,0,0,0,0,0,0,0,0,0,0,0,0,0,0,0,19,36,0,0,0,0,0,0,0,0,0,0,0,0,0,0,0,0,0,0,0,0,0,1,0,0,0,109,0,0,0,0,0,0,0,0,0,0,0,0,0,16,0,0,1,0,0,4,13,6,0,0,0,0,0,2,0,0,1,12,131,0,0,0,0,0,0,0,23,0,0,0,0,0,0,0,0,0
carabela_t3.rndpts.csv,Mochima,Carabela,t3,Continental,East,0,0,0,0,0,0,0,0,0,0,0,0,0,0,0,0,0,0,0,13,0,0,0,0,0,0,0,0,0,0,0,0,0,0,0,0,0,0,0,0,0,0,0,0,0,0,0,0,0,0,0,0,0,0,0,48,0,0,0,0,0,0,0,0,0,0,0,0,0,0,0,0,0,0,0,0,1,1,0,1,0,132,0,0,0,0,0,0,0,0,0,0,0,0,0,9,0,0,0,0,0,0,10,7,0,0,0,0,0,0,0,0,0,10,142,0,0,1,0,0,0,0,0,0,0,0,0,0,0,0,0,0
carabela_t4.rndpts.csv,Mochima,Carabela,t4,Continental,East,0,0,0,0,0,0,0,0,0,0,0,0,0,0,0,0,0,0,0,0,0,0,0,0,0,0,0,0,0,0,0,0,0,0,0,0,0,0,0,0,0,0,0,0,0,0,0,0,0,0,0,0,0,0,0,128,0,0,0,0,0,0,0,0,0,0,0,0,0,0,0,0,0,0,0,0,1,0,0,1,0,105,0,0,0,0,0,0,0,0,0,0,0,0,0,0,0,0,0,0,0,0,26,2,0,0,0,0,0,0,0,0,0,21,88,0,1,2,0,0,0,0,0,0,0,0,0,0,0,0,0,0
cruz_t1.rndpts.csv,Mochima,Punta Cruz,t1,Continental,East,0,0,0,0,0,0,0,0,0,0,0,0,0,0,0,0,0,0,0,4,0,0,0,1,0,0,0,0,0,0,6,0,0,0,0,0,0,0,0,0,0,0,0,0,0,0,0,0,0,0,0,0,0,0,0,2,0,0,0,0,0,0,0,0,0,0,0,0,0,0,0,0,1,0,0,0,0,0,0,0,3,68,0,0,0,0,0,0,0,0,0,0,0,0,0,255,0,0,0,0,0,0,0,0,0,0,0,1,0,0,0,0,0,0,34,0,0,0,0,0,0,0,0,0,0,0,0,0,0,0,0,0
cruz_t2.rndpts.csv,Mochima,Punta Cruz,t2,Continental,East,0,0,0,0,0,0,0,0,4,0,0,0,0,0,0,0,0,0,0,0,0,0,0,11,0,0,0,0,0,0,0,0,0,0,0,0,0,0,0,0,0,0,0,0,0,0,0,0,0,0,0,0,0,0,1,0,0,0,0,0,0,0,0,0,0,0,0,0,0,0,0,0,0,0,0,1,0,0,0,0,0,0,0,0,2,0,0,0,0,0,0,108,0,0,0,2,0,0,0,0,0,2,0,0,0,0,0,0,0,0,2,0,0,0,170,0,0,1,0,0,0,0,71,0,0,0,0,0,0,0,0,0
cruz_t3.rndpts.csv,Mochima,Punta Cruz,t3,Continental,East,0,0,0,0,0,0,0,0,4,0,0,0,17,0,0,0,0,0,0,2,0,0,0,7,0,0,0,0,0,0,0,0,0,0,0,0,0,0,0,0,0,0,0,0,0,0,0,0,1,0,0,0,0,0,4,0,0,0,0,0,0,0,0,0,0,0,0,0,0,0,0,0,0,2,6,12,0,0,1,95,0,37,0,0,0,0,0,0,53,0,0,0,0,0,0,44,1,1,0,0,0,0,0,0,0,0,0,0,0,0,0,0,0,0,83,0,0,5,0,0,0,0,0,0,0,0,0,0,0,0,0,0
cruz_t4.rndpts.csv,Mochima,Punta Cruz,t4,Continental,East,0,0,0,0,0,0,0,0,6,0,0,0,3,0,0,0,0,0,0,1,0,0,0,3,0,1,0,0,0,0,0,0,0,0,0,0,0,0,0,0,0,0,0,0,0,0,0,0,0,0,0,0,0,0,0,0,0,0,0,0,0,0,0,1,3,0,50,5,0,3,0,24,0,0,2,1,2,0,0,0,0,12,0,1,3,0,0,1,0,1,0,88,0,0,0,0,0,0,0,0,0,0,0,0,0,0,0,0,2,0,0,0,0,0,107,0,0,5,0,12,0,0,29,7,2,0,0,0,0,0,0,0
gabarra_t1.rndpts.csv,Mochima,Gabarra,t1,Continental,East,0,0,0,0,0,0,0,0,0,0,1,0,2,0,0,0,0,0,0,5,0,0,0,0,0,0,0,0,0,0,6,0,0,0,0,0,0,0,0,0,0,0,0,0,0,0,0,0,0,0,0,0,8,0,0,64,0,0,0,0,0,0,0,0,0,0,0,0,0,0,0,0,0,0,0,0,1,0,0,0,3,132,0,0,0,0,0,0,0,0,0,0,0,0,0,10,0,0,0,1,0,0,0,0,0,0,1,0,0,0,0,0,0,0,136,0,0,1,0,0,4,0,0,0,0,0,0,0,0,0,0,0
gabarra_t2.rndpts.csv,Mochima,Gabarra,t2,Continental,East,0,0,0,0,0,0,0,0,0,0,0,0,1,0,0,0,0,0,0,0,0,0,0,0,0,0,0,0,0,0,0,0,0,0,0,0,0,0,0,0,0,0,0,0,0,0,0,0,0,0,0,0,0,0,0,24,0,0,0,0,0,0,0,0,0,0,0,0,2,0,0,0,0,0,0,0,4,0,0,0,1,46,0,0,0,0,0,0,0,0,0,0,0,0,0,125,0,0,0,2,0,0,0,0,0,0,0,0,0,0,0,0,0,0,169,0,0,1,0,0,0,0,0,0,0,0,0,0,0,0,0,0
gabarra_t3.rndpts.csv,Mochima,Gabarra,t3,Continental,East,0,0,0,0,0,0,0,0,0,0,0,0,10,0,0,0,0,0,0,8,0,0,0,0,0,0,0,0,0,0,0,0,0,0,0,0,0,0,0,0,0,0,0,0,0,0,0,0,0,0,0,0,0,0,0,77,0,0,0,0,0,0,0,0,0,0,0,0,1,0,0,0,0,0,0,0,1,2,0,0,4,150,0,0,0,0,0,0,0,0,0,0,0,0,0,39,0,0,0,1,0,0,0,0,0,0,0,0,0,0,0,0,0,0,77,0,0,2,0,0,3,0,0,0,0,0,0,0,0,0,0,0
gabarra_t4.rndpts.csv,Mochima,Gabarra,t4,Continental,East,0,0,0,0,0,0,0,0,0,0,0,0,7,0,0,0,0,0,0,1,0,0,0,0,0,0,0,0,0,0,2,0,0,1,0,0,0,0,0,0,0,0,0,0,0,0,0,0,0,0,0,0,13,2,0,35,0,0,0,0,0,0,0,0,0,0,0,0,1,0,0,0,0,0,0,0,0,0,0,0,3,172,0,0,0,0,0,0,0,0,0,0,0,0,0,23,0,0,0,0,0,0,0,1,0,0,0,0,0,0,0,0,0,0,113,0,0,0,0,0,1,0,0,0,0,0,0,0,0,0,0,0
garrapata_t1.rndpts.csv,Mochima,Garrapata,t1,Continental,East,0,0,0,0,0,0,0,0,1,0,0,0,26,0,0,0,0,0,0,9,0,0,0,19,0,3,0,0,0,0,1,0,0,0,0,0,0,0,0,0,0,0,0,0,0,0,0,0,0,0,0,0,0,0,0,9,0,0,0,0,0,0,0,0,0,0,0,0,0,0,0,0,0,0,0,0,2,0,0,1,5,169,0,0,0,0,0,0,0,0,0,0,0,0,0,30,0,0,0,2,0,0,2,0,0,0,0,0,0,0,0,0,0,0,90,0,0,2,0,0,4,0,0,0,0,0,0,0,0,0,0,0
garrapata_t2.rndpts.csv,Mochima,Garrapata,t2,Continental,East,0,0,0,0,0,0,0,0,0,0,1,0,19,0,0,0,0,0,0,53,0,0,0,13,0,0,0,0,0,0,1,0,0,0,1,0,0,0,0,0,0,0,0,0,0,0,0,0,0,0,0,0,0,0,0,19,0,0,0,0,0,0,0,0,0,1,0,0,0,0,0,0,0,0,0,0,3,0,0,0,1,187,0,0,0,0,0,0,0,0,0,0,0,0,0,31,0,0,0,5,0,0,4,0,0,0,2,0,0,0,0,0,0,0,21,0,0,7,0,0,6,0,0,0,0,0,0,0,0,0,0,0
garrapata_t3.rndpts.csv,Mochima,Garrapata,t3,Continental,East,0,0,0,0,0,0,0,0,0,0,1,0,43,0,0,0,0,0,0,59,0,0,0,9,0,0,0,0,0,0,1,0,0,0,0,0,0,0,0,0,0,0,0,0,0,0,0,0,0,0,0,0,0,0,0,9,0,0,0,0,0,0,0,0,0,0,0,0,0,0,0,0,0,0,0,0,0,1,0,0,4,131,0,0,0,0,0,0,0,0,0,0,0,0,0,1,0,0,0,0,0,0,0,0,0,0,0,0,0,0,0,0,0,0,1,0,0,5,0,0,10,0,0,0,0,0,0,0,0,0,0,0
garrapata_t4.rndpts.csv,Mochima,Garrapata,t4,Continental,East,0,0,0,0,0,0,0,0,0,0,2,0,16,0,0,0,0,0,0,60,0,0,0,17,0,0,0,0,0,0,0,0,0,0,0,0,0,0,0,0,0,0,0,0,0,0,0,0,0,0,0,0,0,0,0,22,0,0,0,0,0,0,0,0,0,0,0,0,0,0,0,0,0,0,0,0,1,0,0,0,19,152,0,0,0,0,0,0,0,0,0,0,0,0,0,12,0,0,0,1,0,0,2,0,0,0,0,0,0,0,0,0,0,0,45,0,0,3,0,0,23,0,0,0,0,0,0,0,0,0,0,0
bs_t1.rndpts.csv,Morrocoy,Boca Seca,t1,Continental,West,0,0,0,0,0,0,0,0,0,0,4,0,1,0,0,0,0,0,1,6,0,0,0,0,0,0,0,0,0,0,0,0,0,0,0,0,0,0,0,0,0,0,0,0,0,0,0,0,0,0,0,0,6,0,0,0,0,0,1,0,0,0,0,0,0,0,0,0,0,0,0,0,0,0,0,0,0,0,0,0,0,246,0,0,0,0,37,0,0,0,0,0,0,0,0,29,0,0,0,0,0,0,0,0,0,0,1,0,0,0,0,0,0,15,25,0,0,2,0,0,1,0,0,0,0,0,0,0,0,0,0,0
bs_t2.rndpts.csv,Morrocoy,Boca Seca,t2,Continental,West,0,0,0,0,0,0,0,0,0,0,1,0,0,0,0,0,0,0,1,0,0,0,0,0,0,0,0,0,0,0,0,0,1,0,0,0,0,0,0,0,0,0,0,0,0,0,0,0,0,0,0,0,3,0,0,3,0,0,4,0,0,0,0,0,0,0,0,0,0,0,0,0,0,0,0,0,0,0,0,0,0,273,0,0,0,0,69,0,0,0,0,0,0,0,0,2,0,0,0,0,0,0,0,0,0,0,0,0,0,0,0,0,0,17,0,0,0,0,0,0,1,0,0,0,0,0,0,0,0,0,0,0
bs_t3.rndpts.csv,Morrocoy,Boca Seca,t3,Continental,West,0,0,0,0,0,1,0,1,0,0,1,0,2,0,0,0,0,0,0,0,0,0,0,0,0,11,0,0,0,0,0,0,0,0,0,0,0,0,0,0,0,0,0,0,0,0,0,0,2,0,0,1,2,0,0,2,1,0,20,0,0,0,0,0,0,0,0,0,0,0,0,0,0,0,0,0,0,0,0,0,0,269,0,0,0,0,1,0,0,0,0,0,0,0,0,11,0,0,0,0,0,0,0,0,0,0,0,0,0,0,0,0,0,0,0,0,2,1,0,0,47,0,0,0,0,0,0,0,0,0,0,0
bs_t4.rndpts.csv,Morrocoy,Boca Seca,t4,Continental,West,0,0,0,0,0,0,0,0,0,0,0,0,0,0,0,0,0,0,1,0,0,0,0,0,0,2,0,0,0,0,0,0,0,0,0,0,0,0,0,0,0,0,0,0,0,0,0,0,24,0,0,0,32,0,0,6,3,0,58,0,0,0,0,0,0,0,0,0,0,0,0,0,0,0,0,0,0,2,0,0,0,195,0,0,0,0,2,0,0,0,0,0,0,0,0,2,0,0,0,0,0,0,0,0,0,0,1,0,0,0,0,0,0,0,0,0,0,4,0,0,43,0,0,0,0,0,0,0,0,0,0,0
caiman_t1.rndpts.csv,Morrocoy,Bajo Caiman,t1,Continental,West,0,0,0,0,0,0,0,0,0,0,0,0,0,0,0,0,0,0,0,5,0,0,0,0,1,1,0,0,0,0,0,0,0,0,0,0,0,0,0,0,0,0,59,0,0,0,0,0,3,23,0,6,42,0,0,6,0,0,0,0,0,0,0,0,0,0,0,0,0,0,0,0,0,0,0,0,3,0,0,0,1,29,0,0,0,0,0,0,0,0,0,0,0,0,0,10,0,0,0,0,0,0,0,0,0,0,2,0,0,0,0,0,0,0,183,0,0,1,0,0,0,0,0,0,0,0,0,0,0,0,0,0
caiman_t2.rndpts.csv,Morrocoy,Bajo Caiman,t2,Continental,West,0,0,0,0,0,0,0,0,0,0,0,0,0,0,0,0,0,0,0,0,0,0,0,0,0,2,0,0,0,0,0,0,0,0,0,0,0,0,0,0,0,0,32,2,0,0,0,0,27,62,0,0,26,0,0,8,0,0,0,0,0,0,1,0,0,0,0,0,0,0,0,0,0,0,0,0,0,1,0,0,0,23,0,0,0,0,0,0,0,0,0,0,0,0,0,9,0,0,0,0,0,0,0,0,0,0,5,0,0,0,0,0,0,8,167,0,0,0,0,0,2,0,0,0,0,0,0,0,0,0,0,0
caiman_t3.rndpts.csv,Morrocoy,Bajo Caiman,t3,Continental,West,0,0,0,0,0,0,1,0,0,0,3,0,0,0,0,0,0,0,0,0,0,0,0,0,2,4,0,0,0,0,0,0,0,0,0,0,0,0,0,0,0,0,0,0,0,0,8,0,2,0,12,0,64,0,0,45,0,3,13,0,0,0,1,0,0,0,0,0,0,0,0,0,0,0,0,0,1,3,0,0,2,168,0,0,0,0,0,0,0,0,0,0,0,0,0,3,0,0,0,0,0,0,0,0,0,0,3,0,0,0,0,0,0,4,32,0,0,1,0,0,0,0,0,0,0,0,0,0,0,0,0,0
caiman_t4.rndpts.csv,Morrocoy,Bajo Caiman,t4,Continental,West,0,0,0,0,0,0,0,0,0,0,13,0,0,0,0,0,0,0,0,0,0,0,0,0,0,2,0,0,0,0,0,0,0,0,0,0,0,0,0,0,0,0,2,1,0,0,6,2,1,8,0,4,108,0,0,20,0,0,4,0,1,0,1,0,0,0,0,0,0,0,0,0,0,0,0,0,0,0,0,1,0,134,4,0,0,0,28,0,0,0,0,0,0,0,0,8,0,0,0,0,0,0,0,0,0,0,5,0,0,0,0,1,0,11,9,0,0,0,0,0,1,0,0,0,0,0,0,0,0,0,0,0
medio_t1.rndpts.csv,Morrocoy,Medio,t1,Continental,West,0,0,0,0,0,0,0,3,0,0,0,0,1,1,1,0,0,0,1,0,0,0,0,0,0,143,0,0,0,0,0,0,0,0,0,0,0,0,0,0,0,0,0,0,0,0,0,0,0,0,0,0,0,0,0,7,0,0,3,0,0,0,1,0,0,0,0,0,0,0,0,0,0,0,0,0,0,0,0,0,0,185,0,2,0,0,2,0,0,0,0,0,0,0,0,4,0,0,0,0,0,0,0,0,0,0,1,0,0,0,0,0,0,0,0,0,0,7,0,0,13,0,0,0,0,0,0,0,0,0,0,0
medio_t2.rndpts.csv,Morrocoy,Medio,t2,Continental,West,0,0,0,0,0,0,0,1,0,0,0,0,0,0,0,0,0,0,1,0,0,0,0,0,0,114,0,0,0,0,0,0,0,0,0,0,0,0,0,0,0,0,0,0,0,0,0,0,0,0,0,0,0,0,0,5,2,0,0,0,0,0,0,0,0,0,0,0,0,0,0,0,0,0,0,0,1,0,0,0,0,198,0,0,0,0,0,0,0,0,0,0,0,0,0,4,0,0,0,0,0,0,0,0,0,0,0,0,0,0,0,0,0,0,0,0,0,6,0,0,43,0,0,0,0,0,0,0,0,0,0,0
medio_t3.rndpts.csv,Morrocoy,Medio,t3,Continental,West,0,0,0,0,0,0,0,0,0,0,0,0,0,0,0,9,0,0,0,3,0,0,0,0,0,108,0,0,0,0,0,0,0,0,0,0,0,0,1,0,0,0,0,0,0,0,0,0,0,0,0,0,0,0,0,2,1,0,0,0,0,0,0,0,0,0,0,0,0,0,0,0,0,0,0,0,0,2,0,1,0,213,0,0,0,0,0,0,0,0,0,0,0,0,0,17,0,0,0,0,0,0,0,0,0,0,0,0,0,0,0,0,0,0,4,0,0,9,0,0,5,0,0,0,0,0,0,0,0,0,0,0
medio_t4.rndpts.csv,Morrocoy,Medio,t4,Continental,West,0,0,0,55,0,0,0,16,0,0,0,0,0,0,9,0,0,0,1,0,0,0,0,0,0,34,0,0,0,0,0,0,0,0,0,0,0,0,0,0,0,0,0,0,1,0,0,0,0,0,0,0,0,0,0,5,1,0,0,0,0,0,0,0,0,0,0,0,0,0,0,0,0,0,0,0,0,2,0,0,0,185,0,0,0,0,4,0,0,0,0,0,0,0,0,13,0,0,0,0,0,0,0,0,0,0,0,0,0,0,0,0,0,36,1,0,0,3,0,0,9,0,0,0,0,0,0,0,0,0,0,0
mero_t1.rndpts.csv,Morrocoy,Mero,t1,Continental,West,0,0,0,0,0,2,0,0,0,0,2,0,0,0,0,0,0,0,0,0,0,0,0,0,0,1,0,0,0,0,0,0,0,0,0,0,0,0,0,0,0,0,0,0,0,0,1,0,0,0,0,0,0,0,0,0,0,0,0,0,0,0,0,0,0,0,0,0,0,0,0,0,0,0,0,0,2,3,0,7,0,127,0,0,0,0,36,0,0,0,0,0,0,0,0,1,0,0,0,0,0,0,0,0,0,1,1,0,0,0,0,0,0,165,25,0,0,0,0,0,1,0,0,0,0,0,0,0,0,0,0,0
mero_t2.rndpts.csv,Morrocoy,Mero,t2,Continental,West,0,0,0,0,0,0,0,0,0,0,7,0,0,0,0,0,0,1,1,2,0,0,0,0,0,0,0,0,0,0,2,0,0,0,0,0,0,0,0,0,0,0,0,0,0,0,0,0,0,0,0,0,1,0,0,0,0,0,1,0,0,0,0,0,0,0,0,0,0,0,0,0,0,0,0,0,4,0,0,1,2,130,0,0,0,0,56,0,0,0,0,0,0,0,0,13,0,0,0,0,0,0,0,0,0,1,3,0,0,0,0,1,0,101,43,0,0,1,0,0,4,0,0,0,0,0,0,0,0,0,0,0
mero_t3.rndpts.csv,Morrocoy,Mero,t3,Continental,West,0,0,2,0,0,2,0,0,0,0,3,0,1,0,0,0,0,0,0,22,0,0,0,0,0,2,0,0,0,0,3,0,0,0,0,0,0,0,1,0,0,0,0,0,0,0,0,0,0,17,0,0,0,0,0,1,0,0,0,0,0,0,1,0,0,0,0,0,0,0,0,0,0,0,0,0,0,1,0,1,16,146,0,0,0,0,7,0,0,0,0,0,0,0,1,2,0,0,0,0,0,0,0,0,0,0,3,0,0,0,0,0,0,32,109,0,0,0,0,0,2,0,0,0,0,0,0,0,0,0,0,0
mero_t4.rndpts.csv,Morrocoy,Mero,t4,Continental,West,0,0,0,0,0,0,0,0,0,0,0,0,0,0,0,0,0,0,0,0,0,0,0,0,0,0,0,0,0,0,0,0,0,0,0,0,0,0,0,0,0,0,0,1,0,0,0,0,0,0,0,0,5,0,0,0,0,0,0,0,0,0,1,0,0,0,0,0,0,0,0,0,0,0,0,0,0,0,0,5,1,83,0,0,0,0,20,0,0,0,0,0,0,0,0,10,0,0,0,0,0,0,0,0,0,0,1,0,0,0,0,1,0,213,32,2,0,0,0,0,0,0,0,0,0,0,0,0,0,0,0,0
norte_t1.rndpts.csv,Morrocoy,Norte,t1,Continental,West,0,8,0,0,0,0,0,4,0,0,0,0,0,0,0,0,0,0,2,2,0,0,0,0,15,184,0,0,0,0,0,0,0,0,0,0,0,0,0,0,0,0,1,0,0,0,0,0,0,0,0,0,0,0,0,1,0,0,1,0,0,0,0,0,0,0,0,0,0,0,0,0,0,0,0,0,0,1,0,0,2,74,0,0,0,0,0,0,0,0,0,0,0,0,0,6,0,0,0,0,0,0,0,0,0,0,2,0,0,0,0,0,0,0,0,0,0,21,0,0,51,0,0,0,0,0,0,0,0,0,0,0
norte_t2.rndpts.csv,Morrocoy,Norte,t2,Continental,West,0,0,0,0,0,0,0,2,0,0,0,0,0,0,7,0,0,0,1,2,0,0,0,0,0,191,0,4,0,0,0,0,0,0,0,0,0,0,0,0,0,0,0,0,0,0,0,0,0,0,0,0,2,0,0,8,5,0,0,0,0,0,0,0,0,0,0,0,0,0,0,0,0,0,0,0,0,0,0,0,6,112,0,0,0,0,2,0,0,0,0,0,0,0,0,0,0,0,0,0,0,0,0,0,0,0,0,0,0,0,0,0,0,0,0,0,0,14,0,0,19,0,0,0,0,0,0,0,0,0,0,0
norte_t3.rndpts.csv,Morrocoy,Norte,t3,Continental,West,0,12,0,0,0,0,0,0,0,0,0,0,0,0,1,0,0,0,1,1,0,0,0,0,1,185,0,0,0,0,0,0,0,0,0,0,0,0,0,0,0,0,0,0,0,0,0,0,0,0,0,0,1,0,0,6,8,0,1,0,0,0,0,0,0,0,0,0,0,0,0,0,0,0,0,0,3,0,0,0,0,111,0,0,0,0,0,0,0,0,0,0,0,0,0,3,0,0,0,0,0,0,0,0,0,0,3,0,0,0,0,0,0,0,0,0,1,7,0,0,30,0,0,0,0,0,0,0,0,0,0,0
norte_t4.rndpts.csv,Morrocoy,Norte,t4,Continental,West,0,0,0,0,0,0,0,1,0,0,1,0,0,0,13,0,0,0,1,9,0,0,0,0,0,107,0,20,0,0,0,0,0,0,0,0,0,0,0,0,0,0,0,0,0,0,0,0,0,0,0,0,6,0,0,27,5,0,2,0,0,0,0,0,0,0,0,0,0,0,0,0,0,0,0,0,0,1,0,0,2,146,0,0,0,0,0,0,0,0,0,0,0,0,0,1,0,0,0,0,0,0,0,0,0,0,0,0,1,0,0,0,0,0,0,0,0,9,0,0,23,0,0,0,0,0,0,0,0,0,0,0
sombrero_t1.rndpts.csv,Morrocoy,Sombrero,t1,Continental,West,0,0,0,0,0,0,0,0,0,0,6,0,0,0,1,0,0,0,0,34,0,0,0,4,0,22,0,0,0,0,0,0,0,0,0,0,0,0,1,0,2,0,1,7,0,0,1,0,0,17,0,0,4,0,0,1,0,0,0,0,0,0,3,0,0,0,0,0,0,0,0,0,0,0,0,0,8,1,0,6,0,113,0,0,0,0,0,0,0,0,0,0,0,0,0,9,0,0,0,0,0,0,0,0,0,0,0,0,0,0,0,0,0,7,122,0,0,5,0,0,0,0,0,0,0,0,0,0,0,0,0,0
sombrero_t2.rndpts.csv,Morrocoy,Sombrero,t2,Continental,West,0,0,0,0,0,0,0,0,0,0,3,0,11,0,7,0,0,0,0,36,0,0,0,5,0,27,0,0,0,0,0,0,0,0,0,0,0,0,0,1,0,0,0,0,0,0,0,0,3,51,0,2,0,0,0,0,0,0,0,0,0,0,3,0,0,0,0,0,2,0,0,0,0,0,0,0,6,1,0,5,0,151,0,0,0,0,0,0,0,0,0,0,0,0,0,4,0,0,0,0,0,0,0,0,0,0,1,0,0,0,0,0,0,2,52,0,0,2,0,0,0,0,0,0,0,0,0,0,0,0,0,0
sombrero_t3.rndpts.csv,Morrocoy,Sombrero,t3,Continental,West,0,0,0,0,0,0,0,4,0,0,6,0,2,0,0,0,0,0,0,40,0,0,0,0,0,34,0,0,0,0,0,0,0,9,1,0,0,0,0,0,0,0,0,0,0,0,1,22,1,37,1,0,1,0,0,1,0,0,0,0,0,0,1,0,0,0,0,0,0,0,0,0,0,0,0,0,1,0,0,11,0,133,0,0,0,0,0,0,0,0,0,0,0,0,0,1,0,0,0,0,0,0,0,0,0,0,0,0,0,0,0,0,0,10,51,0,0,5,0,0,2,0,0,0,0,0,0,0,0,0,0,0
sombrero_t4.rndpts.csv,Morrocoy,Sombrero,t4,Continental,West,0,0,0,0,0,0,0,1,0,0,4,0,2,0,0,0,0,0,1,78,0,0,0,0,0,63,0,1,0,0,1,0,0,0,0,0,0,0,0,0,0,0,0,0,0,0,0,0,20,1,0,1,0,0,0,2,0,0,0,0,0,0,1,0,0,0,0,0,0,0,0,0,0,0,0,0,7,4,0,0,0,123,0,0,0,0,0,0,0,0,0,0,0,0,0,6,0,0,0,0,0,0,0,0,0,0,1,0,0,0,0,0,0,26,25,0,0,4,0,0,3,0,0,0,0,0,0,0,0,0,0,0
sur_t1.rndpts.csv,Morrocoy,Sur,t1,Continental,West,0,0,0,0,0,0,0,0,0,0,0,0,2,0,0,0,0,0,0,42,0,0,0,0,0,104,0,0,0,0,0,0,0,0,0,0,0,0,0,0,0,0,0,0,0,0,0,0,0,0,0,0,0,0,0,2,0,0,0,0,0,0,0,0,0,0,0,0,0,0,3,0,0,0,0,0,0,0,0,0,0,107,0,0,0,0,2,0,0,0,0,0,0,1,0,101,0,0,0,0,0,0,0,0,0,0,0,0,0,0,0,0,0,0,0,0,0,10,0,0,1,0,0,0,0,0,0,0,0,0,0,0
sur_t2.rndpts.csv,Morrocoy,Sur,t2,Continental,West,0,0,0,0,0,0,0,0,0,0,0,0,1,0,0,0,0,0,1,3,0,0,0,0,0,119,0,0,0,0,0,0,0,0,0,0,0,0,0,1,0,0,0,0,0,0,0,0,0,0,0,0,0,0,0,0,0,0,0,0,0,0,0,0,0,0,0,0,0,0,0,0,0,0,0,0,1,1,0,0,0,181,0,0,0,0,3,0,0,0,0,0,0,0,0,38,0,0,0,0,0,0,0,0,0,0,0,0,0,0,0,0,0,0,22,0,0,4,0,0,0,0,0,0,0,0,0,0,0,0,0,0
sur_t3.rndpts.csv,Morrocoy,Sur,t3,Continental,West,0,0,0,0,0,0,0,1,0,0,1,0,0,0,0,0,0,0,0,25,0,0,0,0,9,72,0,0,0,0,0,0,0,2,1,0,0,0,0,0,0,0,0,0,0,0,0,0,0,0,0,0,1,0,0,4,1,0,0,0,0,1,0,0,0,0,0,0,0,0,0,0,0,0,0,0,0,0,0,0,0,83,0,0,0,0,4,0,0,0,0,0,0,0,0,84,0,0,0,0,0,0,0,0,0,0,3,0,0,0,0,0,0,0,72,0,0,10,0,0,1,0,0,0,0,0,0,0,0,0,0,0
sur_t4.rndpts.csv,Morrocoy,Sur,t4,Continental,West,0,0,0,0,0,0,0,0,0,0,1,0,1,0,0,8,0,0,1,10,0,0,0,0,0,107,0,0,0,0,0,0,0,0,0,0,0,0,0,0,0,0,0,0,0,0,0,0,0,0,0,0,0,0,0,3,1,0,0,0,0,0,0,0,0,0,0,0,0,0,1,0,0,0,0,0,0,0,0,0,0,56,0,0,0,0,28,0,0,0,0,0,0,0,0,137,0,0,0,0,0,0,0,0,0,0,0,0,0,0,0,0,0,12,6,0,0,2,0,0,1,0,0,0,0,0,0,0,0,0,0,0
cienaga_este_t1.rndpts.csv,Ocumare,Cienaga este,t1,Continental,Center,0,0,0,0,0,0,0,0,0,0,3,0,0,0,0,0,0,0,0,0,0,0,0,0,11,46,0,0,0,0,2,0,0,0,0,0,0,0,0,0,0,0,0,0,0,0,0,0,0,0,0,0,0,0,0,0,0,0,0,0,0,0,0,0,0,0,0,0,0,0,0,0,0,0,0,0,1,0,0,0,0,292,0,0,0,0,0,0,0,0,0,0,0,0,0,9,0,0,0,0,0,0,0,0,0,0,0,0,0,0,0,0,0,0,11,0,0,0,0,0,0,0,0,0,0,0,0,0,0,0,0,0
cienaga_este_t2.rndpts.csv,Ocumare,Cienaga este,t2,Continental,Center,0,0,0,0,0,0,0,0,0,1,13,0,0,0,0,0,0,0,0,0,0,0,0,4,0,35,0,0,0,0,0,0,0,0,0,0,0,0,0,0,0,0,0,0,0,0,0,0,0,0,0,0,1,0,0,1,0,0,0,0,0,0,0,0,0,0,0,0,0,0,0,0,0,0,0,0,0,2,0,0,1,243,25,0,0,0,2,0,0,0,0,0,0,0,0,0,0,0,0,0,0,0,0,0,0,0,0,0,0,0,0,1,0,15,31,0,0,0,0,0,0,0,0,0,0,0,0,0,0,0,0,0
cienaga_este_t3.rndpts.csv,Ocumare,Cienaga este,t3,Continental,Center,0,0,0,0,0,0,0,0,0,0,3,0,1,0,0,0,0,0,0,0,0,0,0,0,0,50,0,0,0,0,0,0,0,0,1,0,0,0,0,0,0,0,0,0,0,0,0,0,0,0,0,0,0,0,0,0,0,0,0,0,0,0,0,0,0,0,0,0,0,0,0,0,0,0,0,0,0,0,0,0,0,275,0,0,0,0,0,0,0,0,0,0,0,0,8,0,0,0,0,0,0,0,0,0,0,0,0,0,0,0,0,0,0,16,21,0,0,0,0,0,0,0,0,0,0,0,0,0,0,0,0,0
cienaga_este_t4.rndpts.csv,Ocumare,Cienaga este,t4,Continental,Center,0,0,2,0,0,0,0,0,0,0,1,0,0,0,0,0,0,0,0,0,0,0,0,0,17,22,0,4,0,0,0,0,0,0,0,0,0,0,0,0,0,0,0,0,1,0,0,0,0,0,0,0,0,0,0,1,0,0,0,0,0,0,0,0,0,0,0,0,0,0,0,0,0,0,0,0,0,0,0,0,0,236,0,0,0,0,0,0,0,0,0,0,0,0,0,91,0,0,0,0,0,0,0,0,0,0,0,0,0,0,0,0,0,0,0,0,0,0,0,0,0,0,0,0,0,0,0,0,0,0,0,0
cienaga_interno_t1.rndpts.csv,Ocumare,Cienaga interno,t1,Continental,Center,0,0,0,0,0,0,0,0,0,0,0,0,0,0,0,0,0,0,0,20,2,0,0,2,0,12,0,0,0,0,4,0,0,0,0,0,0,0,0,0,0,0,0,4,0,0,0,0,10,3,0,0,2,0,0,9,1,0,1,0,0,0,0,0,0,0,0,0,0,0,0,0,0,0,0,0,0,0,0,0,0,130,0,0,0,0,0,0,0,0,0,0,0,0,0,0,0,0,0,0,0,0,0,0,0,0,13,0,0,2,0,6,0,0,152,0,0,0,0,2,0,0,0,0,0,0,0,0,0,0,0,0
cienaga_interno_t2.rndpts.csv,Ocumare,Cienaga interno,t2,Continental,Center,0,0,0,0,0,0,0,0,0,0,5,0,4,0,0,0,0,1,0,15,0,0,0,8,0,38,0,0,0,0,0,0,0,0,0,0,0,0,0,0,0,0,0,0,0,0,0,0,0,0,0,1,13,0,0,44,2,0,0,0,0,0,0,0,0,0,0,0,0,0,0,0,0,0,0,0,0,0,0,0,1,131,0,0,0,0,0,0,0,0,0,0,0,0,0,8,0,0,0,0,0,0,0,0,0,0,0,0,0,0,0,0,0,2,101,0,0,0,1,0,0,0,0,0,0,0,0,0,0,0,0,0
cienaga_interno_t3.rndpts.csv,Ocumare,Cienaga interno,t3,Continental,Center,0,0,0,0,0,0,0,0,0,0,1,0,14,0,0,0,0,0,1,31,0,0,0,10,0,35,0,0,0,0,0,0,0,0,0,0,0,0,0,0,0,0,0,0,0,0,0,0,7,5,0,0,13,0,0,4,0,0,0,0,0,0,0,0,0,0,0,0,2,0,0,0,0,0,0,0,0,1,0,0,0,83,0,0,0,0,0,0,0,0,0,0,0,0,0,0,0,0,0,0,0,0,0,0,0,0,0,0,0,0,0,0,0,0,168,0,0,0,0,0,0,0,0,0,0,0,0,0,0,0,0,0
cienaga_interno_t4.rndpts.csv,Ocumare,Cienaga interno,t4,Continental,Center,0,0,0,0,0,0,0,0,0,0,13,0,1,0,0,1,0,0,0,21,0,0,0,7,0,23,0,0,0,1,0,0,0,0,1,0,0,0,0,0,0,0,0,0,0,0,1,0,21,6,0,6,22,0,0,20,0,0,0,0,0,0,0,0,0,0,0,0,0,0,0,0,0,0,0,0,2,1,0,0,0,185,0,0,0,0,0,0,0,0,0,0,0,0,0,34,0,0,0,0,0,0,0,0,0,0,2,0,0,0,0,0,0,0,4,0,0,3,0,0,0,0,0,0,0,0,0,0,0,0,0,0
cienaga_oeste_t1.rndpts.csv,Ocumare,Cienaga oeste,t1,Continental,Center,0,0,0,0,0,0,0,0,0,0,2,0,5,0,0,0,0,1,0,21,0,0,0,3,0,23,0,0,0,0,6,1,0,0,0,4,0,0,2,0,0,0,13,0,0,0,18,0,4,0,0,0,10,0,0,6,0,0,30,0,0,0,0,0,0,0,0,0,0,0,0,0,0,0,0,0,0,0,0,0,0,201,0,0,0,0,0,0,0,0,0,0,0,0,0,0,0,0,0,0,0,0,0,0,0,0,0,0,0,0,0,1,0,2,22,0,0,0,0,0,0,0,0,0,0,0,0,0,0,0,0,0
cienaga_oeste_t2.rndpts.csv,Ocumare,Cienaga oeste,t2,Continental,Center,0,0,0,0,0,0,0,0,0,0,1,0,2,0,0,0,0,0,0,8,0,0,0,10,0,1,0,0,0,0,6,0,0,0,0,0,0,0,0,0,0,0,0,6,0,0,2,0,0,0,0,0,10,0,0,2,0,0,3,0,0,0,0,0,0,0,0,0,0,0,0,0,0,0,0,0,2,0,0,0,0,285,0,0,0,0,0,0,0,0,0,0,0,0,0,0,0,0,0,0,0,0,0,0,0,0,1,0,0,0,0,0,0,0,35,0,0,1,0,0,0,0,0,0,0,0,0,0,0,0,0,0
cienaga_oeste_t3.rndpts.csv,Ocumare,Cienaga oeste,t3,Continental,Center,0,0,0,0,0,0,0,0,0,0,1,0,0,0,0,0,0,0,0,35,0,0,0,0,0,3,0,0,0,0,0,0,0,0,0,0,0,0,0,0,0,0,0,0,0,0,11,0,8,30,0,0,0,0,0,0,0,0,0,0,0,0,0,0,0,0,0,0,0,0,0,0,0,0,0,0,1,0,0,1,0,82,0,0,0,0,0,0,0,0,0,0,0,0,0,0,0,0,0,0,0,0,0,0,0,0,0,0,0,0,0,0,0,0,203,0,0,0,0,0,0,0,0,0,0,0,0,0,0,0,0,0
cienaga_oeste_t4.rndpts.csv,Ocumare,Cienaga oeste,t4,Continental,Center,0,0,0,0,0,0,0,0,0,0,4,0,1,0,0,0,0,0,1,22,0,0,0,2,0,41,0,0,0,0,0,0,0,0,0,6,0,0,0,0,0,0,1,0,0,0,11,0,16,0,0,3,0,0,0,17,0,0,5,0,0,0,0,0,0,0,0,0,0,0,0,0,0,0,0,0,5,0,0,0,0,188,0,0,0,0,0,0,0,0,0,0,0,0,0,1,0,0,0,0,0,0,0,0,0,0,0,0,0,0,0,0,0,3,48,0,0,0,0,0,0,0,0,0,0,0,0,0,0,0,0,0
guabinitas_t1.rndpts.csv,Ocumare,Guabinitas,t1,Continental,Center,0,0,0,0,0,0,0,0,0,0,2,0,1,0,0,0,0,0,0,0,0,0,0,1,0,0,0,0,0,0,13,0,0,0,0,0,0,0,0,0,0,0,1,0,0,0,0,0,2,25,0,0,5,0,0,3,0,0,17,0,0,0,0,0,0,0,0,0,0,0,0,0,0,0,0,0,1,0,0,0,0,112,0,0,0,0,0,0,0,0,0,0,0,0,0,0,0,0,0,0,0,0,0,0,0,0,0,0,0,0,0,0,0,0,192,0,0,0,0,0,0,0,0,0,0,0,0,0,0,0,0,0
guabinitas_t2.rndpts.csv,Ocumare,Guabinitas,t2,Continental,Center,0,0,0,0,0,0,0,0,0,0,0,0,2,0,0,0,0,0,0,0,0,0,0,5,0,1,0,0,0,0,0,0,0,0,0,0,0,0,0,0,0,0,0,1,10,0,7,0,6,37,10,10,0,0,0,2,0,0,6,0,0,0,0,0,0,0,0,0,0,0,0,0,0,0,0,0,1,0,0,0,0,164,0,0,0,0,0,0,0,0,0,0,0,0,0,0,0,0,0,0,0,0,0,0,0,0,1,0,0,0,0,0,0,0,112,0,0,0,0,0,0,0,0,0,0,0,0,0,0,0,0,0
guabinitas_t3.rndpts.csv,Ocumare,Guabinitas,t3,Continental,Center,0,0,0,0,0,0,0,0,0,0,2,0,1,0,0,0,0,0,0,0,0,0,0,5,0,3,0,0,0,0,25,0,0,0,0,0,0,0,0,0,0,0,5,6,0,0,32,1,10,16,0,0,21,0,0,9,0,0,46,0,0,0,0,0,0,0,0,0,0,0,0,0,0,0,0,0,1,0,0,0,2,90,0,0,0,0,5,0,0,0,0,0,0,0,0,1,0,0,0,0,0,0,0,0,0,0,0,0,0,2,0,0,0,1,91,0,0,0,0,0,0,0,0,0,0,0,0,0,0,0,0,0
guabinitas_t4.rndpts.csv,Ocumare,Guabinitas,t4,Continental,Center,0,0,0,0,0,0,0,0,0,0,1,0,3,0,0,0,0,0,1,1,0,0,0,0,0,0,0,0,0,0,0,0,0,0,0,0,0,0,0,0,0,0,0,1,1,0,16,0,1,12,0,0,7,0,0,3,3,2,7,0,0,0,0,0,0,0,0,0,0,0,0,0,0,0,0,0,1,0,0,0,0,302,0,0,0,0,4,0,0,0,0,0,0,0,0,1,0,0,0,0,0,0,0,0,0,0,1,0,0,0,0,5,0,0,0,0,0,0,0,0,2,0,0,0,0,0,0,0,0,0,0,0
